{
  "old_new": "new",
  "id": "FragPipe_20250610_094130",
  "software_name": "FragPipe",
  "software_version": "23.0",
  "search_engine": "MSFragger",
  "search_engine_version": "4.2",
  "ident_fdr_psm": 0.01,
  "ident_fdr_peptide": 0.01,
  "ident_fdr_protein": 0.01,
  "enable_match_between_runs": true,
  "precursor_mass_tolerance": "[-10 ppm, 10 ppm]",
  "fragment_mass_tolerance": "[-20 ppm, 20 ppm]",
  "enzyme": "Trypsin/P",
  "allowed_miscleavages": 2,
  "min_peptide_length": 7,
  "max_peptide_length": 50,
  "is_temporary": false,
  "intermediate_hash": "0c36dceb48ce85c9a56fb3d30c4f65ace4ed0aaf",
  "results": {
    "6": {
      "median_abs_epsilon_global": 0.17627295488521355,
      "median_abs_epsilon_eq_species": 0.17499609027436,
      "median_abs_epsilon_ECOLI": 0.17551697884114503,
      "median_abs_epsilon_HUMAN": 0.17695115837627995,
      "median_abs_epsilon_YEAST": 0.172520133605655,
      "mean_abs_epsilon_global": 0.27329330915208394,
      "mean_abs_epsilon_eq_species": 0.2827063716173424,
      "mean_abs_epsilon_ECOLI": 0.3100466528807592,
      "mean_abs_epsilon_HUMAN": 0.27421045146565837,
      "mean_abs_epsilon_YEAST": 0.26386201050560965,
      "median_log2_empirical_ECOLI": -2.014588623459126,
      "median_log2_empirical_HUMAN": -0.047938147549739796,
      "median_log2_empirical_YEAST": 0.9695955580943298,
      "median_abs_epsilon_precision_global": 0.18032235194353063,
      "median_abs_epsilon_precision_eq_species": 0.17887147857035993,
      "median_abs_epsilon_precision_ECOLI": 0.17778024544988824,
      "median_abs_epsilon_precision_HUMAN": 0.18124881308183305,
      "median_abs_epsilon_precision_YEAST": 0.17758537717935852,
      "mean_log2_empirical_ECOLI": -1.9422575833117655,
      "mean_log2_empirical_HUMAN": -0.1053874605965251,
      "mean_log2_empirical_YEAST": 0.9094009264619187,
      "mean_abs_epsilon_precision_global": 0.275109386074288,
      "mean_abs_epsilon_precision_eq_species": 0.2873455523186786,
      "mean_abs_epsilon_precision_ECOLI": 0.3185573089566993,
      "mean_abs_epsilon_precision_HUMAN": 0.275239321087702,
      "mean_abs_epsilon_precision_YEAST": 0.26824002691163445,
      "CV_median": 0.11639251728085623,
      "CV_q75": 0.19137055835056987,
      "CV_q90": 0.2902599951806182,
      "CV_q95": 0.3739275949896386,
      "roc_auc": 0.9331709387992713,
      "roc_auc_directional": 0.9697084768936854,
      "nr_prec": 21905,
      "nr_prec_HUMAN": 17451,
      "nr_prec_YEAST": 3891,
      "nr_prec_ECOLI": 563,
      "variance_epsilon_global": 0.17051546113607405
    },
    "5": {
      "median_abs_epsilon_global": 0.18998097943648418,
      "median_abs_epsilon_eq_species": 0.19177040053838232,
      "median_abs_epsilon_ECOLI": 0.19732327930854154,
      "median_abs_epsilon_HUMAN": 0.1900070120042905,
      "median_abs_epsilon_YEAST": 0.1879809103023149,
      "mean_abs_epsilon_global": 0.29660676643665657,
      "mean_abs_epsilon_eq_species": 0.3107038726052396,
      "mean_abs_epsilon_ECOLI": 0.3436402342686971,
      "mean_abs_epsilon_HUMAN": 0.2958222491669217,
      "mean_abs_epsilon_YEAST": 0.2926491343800999,
      "median_log2_empirical_ECOLI": -1.9968134404769433,
      "median_log2_empirical_HUMAN": -0.04650937991617354,
      "median_log2_empirical_YEAST": 0.9711670654060747,
      "median_abs_epsilon_precision_global": 0.19319568302336343,
      "median_abs_epsilon_precision_eq_species": 0.19473222503379262,
      "median_abs_epsilon_precision_ECOLI": 0.1987525107540975,
      "median_abs_epsilon_precision_HUMAN": 0.19305153804547004,
      "median_abs_epsilon_precision_YEAST": 0.1923926263018103,
      "mean_log2_empirical_ECOLI": -1.9072371008401439,
      "mean_log2_empirical_HUMAN": -0.10006155969580066,
      "mean_log2_empirical_YEAST": 0.9090643254967989,
      "mean_abs_epsilon_precision_global": 0.29824852972592353,
      "mean_abs_epsilon_precision_eq_species": 0.3157207701431522,
      "mean_abs_epsilon_precision_ECOLI": 0.35363555226108,
      "mean_abs_epsilon_precision_HUMAN": 0.2965255917310237,
      "mean_abs_epsilon_precision_YEAST": 0.29700116643735275,
      "CV_median": 0.1213932275897843,
      "CV_q75": 0.20419170813359472,
      "CV_q90": 0.3168441826875375,
      "CV_q95": 0.4180683626346889,
      "roc_auc": 0.9203075057350706,
      "roc_auc_directional": 0.9639144370832444,
      "nr_prec": 28637,
      "nr_prec_HUMAN": 22540,
      "nr_prec_YEAST": 5277,
      "nr_prec_ECOLI": 820,
      "variance_epsilon_global": 0.2033321275713488
    },
    "4": {
      "median_abs_epsilon_global": 0.203931451866314,
      "median_abs_epsilon_eq_species": 0.21573306210245016,
      "median_abs_epsilon_ECOLI": 0.23645273543340295,
      "median_abs_epsilon_HUMAN": 0.20122896761652598,
      "median_abs_epsilon_YEAST": 0.2095174832574216,
      "mean_abs_epsilon_global": 0.3240878203708237,
      "mean_abs_epsilon_eq_species": 0.3606118278916302,
      "mean_abs_epsilon_ECOLI": 0.4344861036789153,
      "mean_abs_epsilon_HUMAN": 0.31787314778391784,
      "mean_abs_epsilon_YEAST": 0.3294762322120575,
      "median_log2_empirical_ECOLI": -1.952952125941703,
      "median_log2_empirical_HUMAN": -0.04646771728297594,
      "median_log2_empirical_YEAST": 0.9630975007244835,
      "median_abs_epsilon_precision_global": 0.20639727985000889,
      "median_abs_epsilon_precision_eq_species": 0.21819775952243545,
      "median_abs_epsilon_precision_ECOLI": 0.2374165512203028,
      "median_abs_epsilon_precision_HUMAN": 0.2034534721651422,
      "median_abs_epsilon_precision_YEAST": 0.2137232551818613,
      "mean_log2_empirical_ECOLI": -1.8256459056423489,
      "mean_log2_empirical_HUMAN": -0.09891615764333751,
      "mean_log2_empirical_YEAST": 0.8934790843560313,
      "mean_abs_epsilon_precision_global": 0.32578437177284314,
      "mean_abs_epsilon_precision_eq_species": 0.3665894355537655,
      "mean_abs_epsilon_precision_ECOLI": 0.4476464653817725,
      "mean_abs_epsilon_precision_HUMAN": 0.31844882380673095,
      "mean_abs_epsilon_precision_YEAST": 0.33367301747279293,
      "CV_median": 0.12399563448071718,
      "CV_q75": 0.21057155284734846,
      "CV_q90": 0.3304939393386558,
      "CV_q95": 0.43702099086742485,
      "roc_auc": 0.9039092869017873,
      "roc_auc_directional": 0.9496417362897027,
      "nr_prec": 33766,
      "nr_prec_HUMAN": 26188,
      "nr_prec_YEAST": 6417,
      "nr_prec_ECOLI": 1161,
      "variance_epsilon_global": 0.25201024290106416
    },
    "3": {
      "median_abs_epsilon_global": 0.21245900347589064,
      "median_abs_epsilon_eq_species": 0.2260550548055047,
      "median_abs_epsilon_ECOLI": 0.2500967429079015,
      "median_abs_epsilon_HUMAN": 0.2090125812077961,
      "median_abs_epsilon_YEAST": 0.21905584030081648,
      "mean_abs_epsilon_global": 0.33977988418668237,
      "mean_abs_epsilon_eq_species": 0.384956347374164,
      "mean_abs_epsilon_ECOLI": 0.47268311537180274,
      "mean_abs_epsilon_HUMAN": 0.3312136339745826,
      "mean_abs_epsilon_YEAST": 0.35097229277610675,
      "median_log2_empirical_ECOLI": -1.9466060148284807,
      "median_log2_empirical_HUMAN": -0.044749750119585485,
      "median_log2_empirical_YEAST": 0.9545222400420936,
      "median_abs_epsilon_precision_global": 0.21489360433869287,
      "median_abs_epsilon_precision_eq_species": 0.22765023322062147,
      "median_abs_epsilon_precision_ECOLI": 0.24835492427058448,
      "median_abs_epsilon_precision_HUMAN": 0.211123877740798,
      "median_abs_epsilon_precision_YEAST": 0.22347189765048192,
      "mean_log2_empirical_ECOLI": -1.789809868561793,
      "mean_log2_empirical_HUMAN": -0.09305666996147859,
      "mean_log2_empirical_YEAST": 0.8769717975109106,
      "mean_abs_epsilon_precision_global": 0.3415639782738592,
      "mean_abs_epsilon_precision_eq_species": 0.3929547759777366,
      "mean_abs_epsilon_precision_ECOLI": 0.49169661092344247,
      "mean_abs_epsilon_precision_HUMAN": 0.33154142430329275,