{
  "old_new": "new",
  "id": "FragPipe_20250610_094130",
  "software_name": "FragPipe",
  "software_version": "23.0",
  "search_engine": "MSFragger",
  "search_engine_version": "4.2",
  "ident_fdr_psm": "0.01",
  "ident_fdr_peptide": "0.01",
  "ident_fdr_protein": "0.01",
  "enable_match_between_runs": true,
  "precursor_mass_tolerance": "[-10 ppm, 10 ppm]",
  "fragment_mass_tolerance": "[-20 ppm, 20 ppm]",
  "enzyme": "Trypsin/P",
  "allowed_miscleavages": "2",
  "min_peptide_length": "7",
  "max_peptide_length": "50",
  "is_temporary": false,
  "intermediate_hash": "0c36dceb48ce85c9a56fb3d30c4f65ace4ed0aaf",
  "results": {
    "6": {
      "median_abs_epsilon": 0.176057878485409,
      "mean_abs_epsilon": 0.27489101070326827,
      "variance_epsilon": 0.17427403826964277,
      "nr_prec": 22214,
      "CV_median": 0.11577811306359065,
      "CV_q90": 0.28962277659996305,
      "CV_q75": 0.19068627111281572,
      "CV_q95": 0.3737196287123183
    },
    "5": {
      "median_abs_epsilon": 0.18991219621373645,
      "mean_abs_epsilon": 0.2978537152889353,
      "variance_epsilon": 0.2063047071992059,
      "nr_prec": 28994,
      "CV_median": 0.1208071385907385,
      "CV_q90": 0.3163878486702447,
      "CV_q75": 0.20353080350223068,
      "CV_q95": 0.41773531227277433
    },
    "4": {
      "median_abs_epsilon": 0.2036343758922623,
      "mean_abs_epsilon": 0.32494699642878877,
      "variance_epsilon": 0.25432441792355404,
      "nr_prec": 34152,
      "CV_median": 0.12349599943456624,
      "CV_q90": 0.32999557169825594,
      "CV_q75": 0.20995058300541614,
      "CV_q95": 0.43659926112478875
    },
    "3": {
      "median_abs_epsilon": 0.21234489971436865,
      "mean_abs_epsilon": 0.3404775769467077,
      "variance_epsilon": 0.2832039400439898,
      "nr_prec": 39479,
      "CV_median": 0.1261091576433818,
      "CV_q90": 0.3410574167680923,
      "CV_q75": 0.2152481094674799,
      "CV_q95": 0.4500153083425466
    },
    "2": {
      "median_abs_epsilon": 0.21737197054233093,
      "mean_abs_epsilon": 0.35397227514103435,
      "variance_epsilon": 0.3155806670518614,
      "nr_prec": 43669,
      "CV_median": 0.12678935914418743,
      "CV_q90": 0.3466899811896943,
      "CV_q75": 0.2175129397225639,
      "CV_q95": 0.4605296714317968
    },
    "1": {
      "median_abs_epsilon": 0.21737197054233093,
      "mean_abs_epsilon": 0.35397227514103435,
      "variance_epsilon": 0.3155806670518615,
      "nr_prec": 47606,
      "CV_median": 0.12678935914418743,
      "CV_q90": 0.3466899811896943,
      "CV_q75": 0.2175129397225639,
      "CV_q95": 0.4605296714317968
    }
  },
  "median_abs_epsilon": 0.21234489971436865,
  "mean_abs_epsilon": 0.3404775769467077,
  "nr_prec": 39479,
  "comments": "",
  "proteobench_version": "0.8.22",
  "color": "#ff7f00",
  "hover_text": "ProteoBench ID: FragPipe_20250610_094130<br>Software tool: FragPipe <br>Comment (private submission): ...",
  "scatter_size": 20,
  "fixed_mods": "0.0,C-Term Peptide,true,-1; 0.0,N-Term Peptide,true,-1; 0.0,C-Term Protein,true,-1; 0.0,N-Term Protein,true,-1; 0.0,G (glycine),true,-1; 0.0,A (alanine),true,-1; 0.0,S (serine),true,-1; 0.0,P (proline),true,-1; 0.0,V (valine),true,-1; 0.0,T (threonine),true,-1; 57.02146,C (cysteine),true,-1; 0.0,L (leucine),true,-1; 0.0,I (isoleucine),true,-1; 0.0,N (asparagine),true,-1; 0.0,D (aspartic acid),true,-1; 0.0,Q (glutamine),true,-1; 0.0,K (lysine),true,-1; 0.0,E (glutamic acid),true,-1; 0.0,M (methionine),true,-1; 0.0,H (histidine),true,-1; 0.0,F (phenylalanine),true,-1; 0.0,R (arginine),true,-1; 0.0,Y (tyrosine),true,-1; 0.0,W (tryptophan),true,-1; 0.0,B ,true,-1; 0.0,J,true,-1; 0.0,O,true,-1; 0.0,U,true,-1; 0.0,X,true,-1; 0.0,Z,true,-1",
  "variable_mods": "15.9949,M,true,3; 42.0106,[^,true,1; 79.96633,STY,false,3; -17.0265,nQnC,false,1; -18.0106,nE,false,1; 4.025107,K,false,2; 6.020129,R,false,2; 8.014199,K,false,2; 10.008269,R,false,2; 0.0,site_10,false,1; 0.0,site_11,false,1; 0.0,site_12,false,1; 0.0,site_13,false,1; 0.0,site_14,false,1; 0.0,site_15,false,1; 0.0,site_16,false,1",
  "max_mods": "3",
  "min_precursor_charge": "1",
  "max_precursor_charge": null,
  "quantification_method": "nan",
  "protein_inference": "ProteinProphet: --maxppmdiff 2000000",
  "abundance_normalization_ions": "nan",
  "submission_comments": "\n\n ### No parameter changes detected. \n\n\nDataset URL: https://proteobench.cubimed.rub.de/datasets/0c36dceb48ce85c9a56fb3d30c4f65ace4ed0aaf/"
}