{
  "id": "DIA-NN_20260612_055234",
  "software_name": "DIA-NN",
  "software_version": "2.6.0 Enterprise ",
  "search_engine": "DIA-NN",
  "search_engine_version": "2.6.0 Enterprise ",
  "ident_fdr_psm": 0.01,
  "ident_fdr_peptide": NaN,
  "ident_fdr_protein": NaN,
  "enable_match_between_runs": true,
  "precursor_mass_tolerance": "[-4.0 ppm, 4.0 ppm]",
  "fragment_mass_tolerance": "[-10.0 ppm, 10.0 ppm]",
  "enzyme": "Trypsin/P",
  "allowed_miscleavages": 2,
  "min_peptide_length": 7,
  "max_peptide_length": 30,
  "is_temporary": false,
  "intermediate_hash": "300beac4bd267751972cf484bb1cdee2fda0b3a4",
  "results": {
    "6": {
      "median_abs_epsilon_global": 0.11209007124671899,
      "median_abs_epsilon_eq_species": 0.1264046418838074,
      "median_abs_epsilon_ECOLI": 0.1491140828453119,
      "median_abs_epsilon_HUMAN": 0.10947018996517421,
      "median_abs_epsilon_YEAST": 0.12062965284093607,
      "mean_abs_epsilon_global": 0.15525389945025528,
      "mean_abs_epsilon_eq_species": 0.18114212797871998,
      "mean_abs_epsilon_ECOLI": 0.2221771745453291,
      "mean_abs_epsilon_HUMAN": 0.14945596209659293,
      "mean_abs_epsilon_YEAST": 0.17179324729423795,
      "median_log2_empirical_ECOLI": -1.9655938138673505,
      "median_log2_empirical_HUMAN": 0.01270685955945794,
      "median_log2_empirical_YEAST": 1.045554608449983,
      "median_abs_epsilon_precision_global": 0.10914034137673312,
      "median_abs_epsilon_precision_eq_species": 0.11871757352701096,
      "median_abs_epsilon_precision_ECOLI": 0.13617351702988856,
      "median_abs_epsilon_precision_HUMAN": 0.10798728934831026,
      "median_abs_epsilon_precision_YEAST": 0.11199191420283405,
      "mean_log2_empirical_ECOLI": -1.9516934395940064,
      "mean_log2_empirical_HUMAN": 0.0011295363544094029,
      "mean_log2_empirical_YEAST": 1.0269320384698615,
      "mean_abs_epsilon_precision_global": 0.15438720528648145,
      "mean_abs_epsilon_precision_eq_species": 0.17881171672135046,
      "mean_abs_epsilon_precision_ECOLI": 0.21955055998217074,
      "mean_abs_epsilon_precision_HUMAN": 0.14938047976630656,
      "mean_abs_epsilon_precision_YEAST": 0.16750411041557411,
      "CV_median": 0.07783847323402598,
      "CV_q75": 0.11807493055771645,
      "CV_q90": 0.16460443546238068,
      "CV_q95": 0.19961122702114087,
      "variance_epsilon_global": 0.05257241002554296,
      "nr_feature": 12219,
      "roc_auc": 0.9869347317629772
    },
    "5": {
      "median_abs_epsilon_global": 0.11736215943753692,
      "median_abs_epsilon_eq_species": 0.1330687501795662,
      "median_abs_epsilon_ECOLI": 0.15553109790842434,
      "median_abs_epsilon_HUMAN": 0.11346206036463968,
      "median_abs_epsilon_YEAST": 0.1302130922656346,
      "mean_abs_epsilon_global": 0.16774504854714886,
      "mean_abs_epsilon_eq_species": 0.20387457672567252,
      "mean_abs_epsilon_ECOLI": 0.2649351114995542,
      "mean_abs_epsilon_HUMAN": 0.15978360599083438,
      "mean_abs_epsilon_YEAST": 0.18690501268662893,
      "median_log2_empirical_ECOLI": -1.966433896322144,
      "median_log2_empirical_HUMAN": 0.01028895207637781,
      "median_log2_empirical_YEAST": 1.0455468360819182,
      "median_abs_epsilon_precision_global": 0.11463010568502519,
      "median_abs_epsilon_precision_eq_species": 0.12811493814482885,
      "median_abs_epsilon_precision_ECOLI": 0.15005165003696597,
      "median_abs_epsilon_precision_HUMAN": 0.112255514965927,
      "median_abs_epsilon_precision_YEAST": 0.12203764943159356,
      "mean_log2_empirical_ECOLI": -1.9281040623042527,
      "mean_log2_empirical_HUMAN": -0.004721067163427423,
      "mean_log2_empirical_YEAST": 1.0260803063359356,
      "mean_abs_epsilon_precision_global": 0.16727341417840058,
      "mean_abs_epsilon_precision_eq_species": 0.20256695057414556,
      "mean_abs_epsilon_precision_ECOLI": 0.2647005699638497,
      "mean_abs_epsilon_precision_HUMAN": 0.16008506262918398,
      "mean_abs_epsilon_precision_YEAST": 0.18291521912940306,
      "CV_median": 0.07923926004762694,
      "CV_q75": 0.12156781264892068,
      "CV_q90": 0.1723669873642289,
      "CV_q95": 0.2113751682972676,
      "variance_epsilon_global": 0.06491823940869626,
      "nr_feature": 14361,
      "roc_auc": 0.9824141266292448
    },
    "4": {
      "median_abs_epsilon_global": 0.12107625413552014,
      "median_abs_epsilon_eq_species": 0.13918661398667176,
      "median_abs_epsilon_ECOLI": 0.16508104405870583,
      "median_abs_epsilon_HUMAN": 0.11710915396177946,
      "median_abs_epsilon_YEAST": 0.13536964393953,
      "mean_abs_epsilon_global": 0.17743548004466025,
      "mean_abs_epsilon_eq_species": 0.22470630351745516,
      "mean_abs_epsilon_ECOLI": 0.3103351064108758,
      "mean_abs_epsilon_HUMAN": 0.16796123631527649,
      "mean_abs_epsilon_YEAST": 0.1958225678262132,
      "median_log2_empirical_ECOLI": -1.953896628576146,
      "median_log2_empirical_HUMAN": 0.009266813056781231,
      "median_log2_empirical_YEAST": 1.0419459867459118,
      "median_abs_epsilon_precision_global": 0.11885201289100955,
      "median_abs_epsilon_precision_eq_species": 0.13522750280371731,
      "median_abs_epsilon_precision_ECOLI": 0.16298941621093732,
      "median_abs_epsilon_precision_HUMAN": 0.11577731638189981,
      "median_abs_epsilon_precision_YEAST": 0.1269157758183148,
      "mean_log2_empirical_ECOLI": -1.8851393626310993,
      "mean_log2_empirical_HUMAN": -0.007157679804393434,
      "mean_log2_empirical_YEAST": 1.0183991338889393,
      "mean_abs_epsilon_precision_global": 0.177458026142254,
      "mean_abs_epsilon_precision_eq_species": 0.2255412867346127,
      "mean_abs_epsilon_precision_ECOLI": 0.3151461030294886,
      "mean_abs_epsilon_precision_HUMAN": 0.16841989585197617,
      "mean_abs_epsilon_precision_YEAST": 0.19305786132237335,
      "CV_median": 0.07936779650481361,
      "CV_q75": 0.12264355777131251,
      "CV_q90": 0.17489029045875662,
      "CV_q95": 0.2154506892990315,
      "variance_epsilon_global": 0.07621638896707605,
      "nr_feature": 15492,
      "roc_auc": 0.9779299259799178
    },
    "3": {
      "median_abs_epsilon_global": 0.12339453522481847,
      "median_abs_epsilon_eq_species": 0.142059386140336,
      "median_abs_epsilon_ECOLI": 0.16803093811965297,
      "median_abs_epsilon_HUMAN": 0.11947940680320812,
      "median_abs_epsilon_YEAST": 0.13866781349814694,
      "mean_abs_epsilon_global": 0.18239138317482417,
      "mean_abs_epsilon_eq_species": 0.23230836122681367,
      "mean_abs_epsilon_ECOLI": 0.32212174869858856,
      "mean_abs_epsilon_HUMAN": 0.17233552878331537,
      "mean_abs_epsilon_YEAST": 0.20246780619853705,
      "median_log2_empirical_ECOLI": -1.953441617881312,
      "median_log2_empirical_HUMAN": 0.009601264660421549,
      "median_log2_empirical_YEAST": 1.038765800222782,
      "median_abs_epsilon_precision_global": 0.12161372492953504,
      "median_abs_epsilon_precision_eq_species": 0.13907668204743176,
      "median_abs_epsilon_precision_ECOLI": 0.16892141709424102,
      "median_abs_epsilon_precision_HUMAN": 0.11819780290602111,
      "median_abs_epsilon_precision_YEAST": 0.13011082614203318,
      "mean_log2_empirical_ECOLI": -1.870323462285341,
      "mean_log2_empirical_HUMAN": -0.007583559736760148,
      "mean_log2_empirical_YEAST": 1.0120210064673265,
      "mean_abs_epsilon_precision_global": 0.18271239601980158,
      "mean_abs_epsilon_precision_eq_species": 0.23449511130481163,
      "mean_abs_epsilon_precision_ECOLI": 0.33000061123446456,
      "mean_abs_epsilon_precision_HUMAN": 0.17283952309822156,
      "mean_abs_epsilon_precision_YEAST": 0.2006451995817487,
      "CV_median": 0.07936327174302013,
      "CV_q75": 0.12310576146541609,
      "CV_q90": 0.17679571407834432,
      "CV_q95": 0.21759142715398525,
      "variance_epsilon_global": 0.08109717826562149,
      "nr_feature": 16363,
      "roc_auc": 0.9743992361307734
    },
    "2": {
      "median_abs_epsilon_global": 0.12459499376849692,