{
  "old_new": "new",
  "id": "FragPipe_20250610_093940",
  "software_name": "FragPipe",
  "software_version": "22.1-build02",
  "search_engine": "MSFragger",
  "search_engine_version": null,
  "ident_fdr_psm": "0.01",
  "ident_fdr_peptide": "0.01",
  "ident_fdr_protein": "0.01",
  "enable_match_between_runs": true,
  "precursor_mass_tolerance": "[-20 ppm, 20 ppm]",
  "fragment_mass_tolerance": "[-20 ppm, 20 ppm]",
  "enzyme": "Trypsin",
  "allowed_miscleavages": "2",
  "min_peptide_length": "7",
  "max_peptide_length": "50",
  "is_temporary": false,
  "intermediate_hash": "54db0c0be0a6f8ac40c38af944212c81466d748f",
  "results": {
    "6": {
      "median_abs_epsilon": 0.1478600646858439,
      "mean_abs_epsilon": 0.24724065403315312,
      "variance_epsilon": 0.17527744572316933,
      "nr_prec": 18473,
      "CV_median": 0.06552281345273397,
      "CV_q90": 0.1971965676598082,
      "CV_q75": 0.118231774271521,
      "CV_q95": 0.2680828635464205
    },
    "5": {
      "median_abs_epsilon": 0.16092352350698036,
      "mean_abs_epsilon": 0.27554656741309547,
      "variance_epsilon": 0.21619568638148076,
      "nr_prec": 22251,
      "CV_median": 0.0713418367588958,
      "CV_q90": 0.2255109303331046,
      "CV_q75": 0.13214971444822704,
      "CV_q95": 0.309649792085808
    },
    "4": {
      "median_abs_epsilon": 0.17424150882235523,
      "mean_abs_epsilon": 0.30419304262330055,
      "variance_epsilon": 0.2667988276576775,
      "nr_prec": 25429,
      "CV_median": 0.07425928449290645,
      "CV_q90": 0.23816706654386327,
      "CV_q75": 0.13960623345119935,
      "CV_q95": 0.3293325274698986
    },
    "3": {
      "median_abs_epsilon": 0.1801485549325612,
      "mean_abs_epsilon": 0.3169267293646171,
      "variance_epsilon": 0.29035258284833015,
      "nr_prec": 29463,
      "CV_median": 0.07735479568224679,
      "CV_q90": 0.25043301933565343,
      "CV_q75": 0.14631388880709617,
      "CV_q95": 0.34698560664318456
    },
    "2": {
      "median_abs_epsilon": 0.18406874258066352,
      "mean_abs_epsilon": 0.3280055713521992,
      "variance_epsilon": 0.3203888613962919,
      "nr_prec": 32405,
      "CV_median": 0.07855880177664004,
      "CV_q90": 0.257644123464459,
      "CV_q75": 0.14962861228649726,
      "CV_q95": 0.3556313579765342
    },
    "1": {
      "median_abs_epsilon": 0.18406874258066352,
      "mean_abs_epsilon": 0.32800557135219915,
      "variance_epsilon": 0.3203888613962919,
      "nr_prec": 35187,
      "CV_median": 0.07855880177664004,
      "CV_q90": 0.257644123464459,
      "CV_q75": 0.14962861228649726,
      "CV_q95": 0.3556313579765342
    }
  },
  "median_abs_epsilon": 0.1801485549325612,
  "mean_abs_epsilon": 0.3169267293646171,
  "nr_prec": 29463,
  "comments": "",
  "proteobench_version": "0.8.22",
  "color": "#ff7f00",
  "hover_text": "ProteoBench ID: FragPipe_20250610_093940<br>Software tool: FragPipe <br>Comment (private submission): ...",
  "scatter_size": 20,
  "fixed_mods": "0.0,C-Term Peptide,true,-1; 0.0,N-Term Peptide,true,-1; 0.0,C-Term Protein,true,-1; 0.0,N-Term Protein,true,-1; 0.0,G (glycine),true,-1; 0.0,A (alanine),true,-1; 0.0,S (serine),true,-1; 0.0,P (proline),true,-1; 0.0,V (valine),true,-1; 0.0,T (threonine),true,-1; 57.02146,C (cysteine),true,-1; 0.0,L (leucine),true,-1; 0.0,I (isoleucine),true,-1; 0.0,N (asparagine),true,-1; 0.0,D (aspartic acid),true,-1; 0.0,Q (glutamine),true,-1; 0.0,K (lysine),true,-1; 0.0,E (glutamic acid),true,-1; 0.0,M (methionine),true,-1; 0.0,H (histidine),true,-1; 0.0,F (phenylalanine),true,-1; 0.0,R (arginine),true,-1; 0.0,Y (tyrosine),true,-1; 0.0,W (tryptophan),true,-1; 0.0,B ,true,-1; 0.0,J,true,-1; 0.0,O,true,-1; 0.0,U,true,-1; 0.0,X,true,-1; 0.0,Z,true,-1",
  "variable_mods": "15.9949,M,true,3; 42.0106,[^,true,1; 79.96633,STY,false,3; -17.0265,nQnC,false,1; -18.0106,nE,false,1; 4.025107,K,false,2; 6.020129,R,false,2; 8.014199,K,false,2; 10.008269,R,false,2; 0.0,site_10,false,1; 0.0,site_11,false,1; 0.0,site_12,false,1; 0.0,site_13,false,1; 0.0,site_14,false,1; 0.0,site_15,false,1; 0.0,site_16,false,1",
  "max_mods": "3",
  "min_precursor_charge": "1",
  "max_precursor_charge": null,
  "quantification_method": "nan",
  "protein_inference": "ProteinProphet: --maxppmdiff 2000000",
  "abundance_normalization_ions": "nan",
  "submission_comments": "\n\n ### No parameter changes detected. \n\n\nDataset URL: https://proteobench.cubimed.rub.de/datasets/54db0c0be0a6f8ac40c38af944212c81466d748f/"
}