{
  "old_new": "new",
  "id": "FragPipe_20250610_093940",
  "software_name": "FragPipe",
  "software_version": "22.1-build02",
  "search_engine": "MSFragger",
  "search_engine_version": null,
  "ident_fdr_psm": 0.01,
  "ident_fdr_peptide": 0.01,
  "ident_fdr_protein": 0.01,
  "enable_match_between_runs": true,
  "precursor_mass_tolerance": "[-20 ppm, 20 ppm]",
  "fragment_mass_tolerance": "[-20 ppm, 20 ppm]",
  "enzyme": "Trypsin",
  "allowed_miscleavages": 2,
  "min_peptide_length": 7,
  "max_peptide_length": 50,
  "is_temporary": false,
  "intermediate_hash": "54db0c0be0a6f8ac40c38af944212c81466d748f",
  "results": {
    "6": {
      "median_abs_epsilon_global": 0.1482793214846314,
      "median_abs_epsilon_eq_species": 0.2217425524906028,
      "median_abs_epsilon_ECOLI": 0.3243615017943142,
      "median_abs_epsilon_HUMAN": 0.13343144473873636,
      "median_abs_epsilon_YEAST": 0.20743471093875776,
      "mean_abs_epsilon_global": 0.24604507758099736,
      "mean_abs_epsilon_eq_species": 0.3275539308118401,
      "mean_abs_epsilon_ECOLI": 0.46387055545758726,
      "mean_abs_epsilon_HUMAN": 0.2302398373981027,
      "mean_abs_epsilon_YEAST": 0.28855139957983034,
      "median_log2_empirical_ECOLI": -2.254129978844876,
      "median_log2_empirical_HUMAN": 0.005229982701738578,
      "median_log2_empirical_YEAST": 1.1624842444343955,
      "median_abs_epsilon_precision_global": 0.13533177575740396,
      "median_abs_epsilon_precision_eq_species": 0.15803462129221124,
      "median_abs_epsilon_precision_ECOLI": 0.19727887844973324,
      "median_abs_epsilon_precision_HUMAN": 0.1322824501011155,
      "median_abs_epsilon_precision_YEAST": 0.14454253532578498,
      "mean_log2_empirical_ECOLI": -2.201752794243193,
      "mean_log2_empirical_HUMAN": -0.06431089486652389,
      "mean_log2_empirical_YEAST": 1.1414459756536208,
      "mean_abs_epsilon_precision_global": 0.24290739683062343,
      "mean_abs_epsilon_precision_eq_species": 0.2868602232906842,
      "mean_abs_epsilon_precision_ECOLI": 0.3822481149937655,
      "mean_abs_epsilon_precision_HUMAN": 0.2396004325304692,
      "mean_abs_epsilon_precision_YEAST": 0.23873212234781802,
      "CV_median": 0.06602329338448311,
      "CV_q75": 0.11873070491845816,
      "CV_q90": 0.19761648856410993,
      "CV_q95": 0.2684177934399186,
      "roc_auc": 0.9658586241411354,
      "roc_auc_directional": 0.9773353468810961,
      "nr_prec": 18192,
      "nr_prec_HUMAN": 14587,
      "nr_prec_YEAST": 3164,
      "nr_prec_ECOLI": 441,
      "variance_epsilon_global": 0.17166339328482114
    },
    "5": {
      "median_abs_epsilon_global": 0.16129968696983354,
      "median_abs_epsilon_eq_species": 0.2439135116553389,
      "median_abs_epsilon_ECOLI": 0.35991371139441597,
      "median_abs_epsilon_HUMAN": 0.14364885238418346,
      "median_abs_epsilon_YEAST": 0.22817797118741723,
      "mean_abs_epsilon_global": 0.27455976593169784,
      "mean_abs_epsilon_eq_species": 0.3629131209780776,
      "mean_abs_epsilon_ECOLI": 0.5042616887917296,
      "mean_abs_epsilon_HUMAN": 0.2546063618567244,
      "mean_abs_epsilon_YEAST": 0.3298713122857788,
      "median_log2_empirical_ECOLI": -2.269256944293005,
      "median_log2_empirical_HUMAN": 0.002133346445210904,
      "median_log2_empirical_YEAST": 1.1761562377004786,
      "median_abs_epsilon_precision_global": 0.14860819795656255,
      "median_abs_epsilon_precision_eq_species": 0.17922972733774264,
      "median_abs_epsilon_precision_ECOLI": 0.22912764850741496,
      "median_abs_epsilon_precision_HUMAN": 0.14351227373708397,
      "median_abs_epsilon_precision_YEAST": 0.16504925976872897,
      "mean_log2_empirical_ECOLI": -2.2171854835752134,
      "mean_log2_empirical_HUMAN": -0.07108872652365833,
      "mean_log2_empirical_YEAST": 1.162766707127388,
      "mean_abs_epsilon_precision_global": 0.2703496608087239,
      "mean_abs_epsilon_precision_eq_species": 0.3202743629444998,
      "mean_abs_epsilon_precision_ECOLI": 0.4207775486870037,
      "mean_abs_epsilon_precision_HUMAN": 0.2641885118794854,
      "mean_abs_epsilon_precision_YEAST": 0.27585702826701036,
      "CV_median": 0.07170311105819163,
      "CV_q75": 0.13266136585076432,
      "CV_q90": 0.22571078877626477,
      "CV_q95": 0.30978669427868916,
      "roc_auc": 0.9599177922185513,
      "roc_auc_directional": 0.9731176754335936,
      "nr_prec": 21942,
      "nr_prec_HUMAN": 17448,
      "nr_prec_YEAST": 3923,
      "nr_prec_ECOLI": 571,
      "variance_epsilon_global": 0.21218865974799392
    },
    "4": {
      "median_abs_epsilon_global": 0.17489904179862492,
      "median_abs_epsilon_eq_species": 0.26524456546094183,
      "median_abs_epsilon_ECOLI": 0.39060689897606693,
      "median_abs_epsilon_HUMAN": 0.15389410310541507,
      "median_abs_epsilon_YEAST": 0.25123269430134343,
      "mean_abs_epsilon_global": 0.30328485672230676,
      "mean_abs_epsilon_eq_species": 0.40005501021932766,
      "mean_abs_epsilon_ECOLI": 0.5522135371091389,
      "mean_abs_epsilon_HUMAN": 0.2777447104315795,
      "mean_abs_epsilon_YEAST": 0.3702067831172646,
      "median_log2_empirical_ECOLI": -2.291589885504365,
      "median_log2_empirical_HUMAN": 6.306388896959447e-05,
      "median_log2_empirical_YEAST": 1.1857001029021248,
      "median_abs_epsilon_precision_global": 0.16106025429910886,
      "median_abs_epsilon_precision_eq_species": 0.20146549958480856,
      "median_abs_epsilon_precision_ECOLI": 0.26534700631456687,
      "median_abs_epsilon_precision_HUMAN": 0.15386534278630037,
      "median_abs_epsilon_precision_YEAST": 0.18518414965355845,
      "mean_log2_empirical_ECOLI": -2.219292233300304,
      "mean_log2_empirical_HUMAN": -0.076482256116029,
      "mean_log2_empirical_YEAST": 1.1825355353832847,
      "mean_abs_epsilon_precision_global": 0.298135514384931,
      "mean_abs_epsilon_precision_eq_species": 0.35789784198162833,
      "mean_abs_epsilon_precision_ECOLI": 0.4716164847885617,
      "mean_abs_epsilon_precision_HUMAN": 0.2876011701679073,
      "mean_abs_epsilon_precision_YEAST": 0.314475870988416,
      "CV_median": 0.0746915255808854,
      "CV_q75": 0.14013212095020589,
      "CV_q90": 0.23850648214570414,
      "CV_q95": 0.3297621123815021,
      "roc_auc": 0.9526293076658829,
      "roc_auc_directional": 0.9681267060561423,
      "nr_prec": 25097,
      "nr_prec_HUMAN": 19639,
      "nr_prec_YEAST": 4709,
      "nr_prec_ECOLI": 749,
      "variance_epsilon_global": 0.26308375763346925
    },
    "3": {
      "median_abs_epsilon_global": 0.18061681602937796,
      "median_abs_epsilon_eq_species": 0.2740755470119858,
      "median_abs_epsilon_ECOLI": 0.4054610678354944,
      "median_abs_epsilon_HUMAN": 0.16031131471464555,
      "median_abs_epsilon_YEAST": 0.2564542584858174,
      "mean_abs_epsilon_global": 0.31622302120292106,
      "mean_abs_epsilon_eq_species": 0.42059078181802717,
      "mean_abs_epsilon_ECOLI": 0.590180339575666,
      "mean_abs_epsilon_HUMAN": 0.291150002441775,
      "mean_abs_epsilon_YEAST": 0.38044200343664053,
      "median_log2_empirical_ECOLI": -2.285202797852776,
      "median_log2_empirical_HUMAN": 0.0006171333607412066,
      "median_log2_empirical_YEAST": 1.1856155265834616,
      "median_abs_epsilon_precision_global": 0.1677196831328729,
      "median_abs_epsilon_precision_eq_species": 0.2096299341915143,
      "median_abs_epsilon_precision_ECOLI": 0.27737813417244617,
      "median_abs_epsilon_precision_HUMAN": 0.16014345046567868,
      "median_abs_epsilon_precision_YEAST": 0.191368217936418,
      "mean_log2_empirical_ECOLI": -2.1648343544684225,
      "mean_log2_empirical_HUMAN": -0.0730678006279161,
      "mean_log2_empirical_YEAST": 1.1817706687328635,
      "mean_abs_epsilon_precision_global": 0.31135590769418386,
      "mean_abs_epsilon_precision_eq_species": 0.3841590622581321,
      "mean_abs_epsilon_precision_ECOLI": 0.5263285783464546,
      "mean_abs_epsilon_precision_HUMAN": 0.29999420974931795,