{
  "old_new": "new",
  "id": "MaxQuant_20250522_154116",
  "software_name": "MaxQuant",
  "software_version": "1.6.2.3",
  "search_engine": "Andromeda",
  "search_engine_version": "nan",
  "ident_fdr_psm": "0.01",
  "ident_fdr_peptide": null,
  "ident_fdr_protein": "0.05",
  "enable_match_between_runs": true,
  "precursor_mass_tolerance": "[-4.5 ppm, 4.5 ppm]",
  "fragment_mass_tolerance": "[-20 ppm, 20 ppm]",
  "enzyme": "Trypsin/P",
  "allowed_miscleavages": "2",
  "min_peptide_length": "7",
  "max_peptide_length": null,
  "is_temporary": false,
  "intermediate_hash": "6036b6679a394fe1fced33d8afb114a4bdc3715e",
  "results": {
    "6": {
      "median_abs_epsilon": 0.1601290933070345,
      "mean_abs_epsilon": 0.26374851532811133,
      "variance_epsilon": 0.19297464869875972,
      "nr_prec": 10427,
      "CV_median": 0.08687611004364143,
      "CV_q90": 0.20498262922634583,
      "CV_q75": 0.13783269332449083,
      "CV_q95": 0.2614330590428587
    },
    "5": {
      "median_abs_epsilon": 0.16994399911607339,
      "mean_abs_epsilon": 0.2866766021317358,
      "variance_epsilon": 0.2310435393305154,
      "nr_prec": 13148,
      "CV_median": 0.090532878351136,
      "CV_q90": 0.22424880234427375,
      "CV_q75": 0.1470774808697084,
      "CV_q95": 0.2958663976876636
    },
    "4": {
      "median_abs_epsilon": 0.1792665942558589,
      "mean_abs_epsilon": 0.31229267447649706,
      "variance_epsilon": 0.2831256404281545,
      "nr_prec": 14630,
      "CV_median": 0.09216816066207953,
      "CV_q90": 0.23258839087122662,
      "CV_q75": 0.1510419428312545,
      "CV_q95": 0.3163551875440208
    },
    "3": {
      "median_abs_epsilon": 0.18337101464634742,
      "mean_abs_epsilon": 0.3225299320810893,
      "variance_epsilon": 0.3032601481484688,
      "nr_prec": 15753,
      "CV_median": 0.09308635809040003,
      "CV_q90": 0.23681855050358827,
      "CV_q75": 0.15289658357772812,
      "CV_q95": 0.3257053400546758
    },
    "2": {
      "median_abs_epsilon": 0.18490613833859548,
      "mean_abs_epsilon": 0.3272745234100336,
      "variance_epsilon": 0.3129979843251158,
      "nr_prec": 16376,
      "CV_median": 0.09323865187900938,
      "CV_q90": 0.23780827715105993,
      "CV_q75": 0.1535067787525061,
      "CV_q95": 0.3299151986629247
    },
    "1": {
      "median_abs_epsilon": 0.18490613833859548,
      "mean_abs_epsilon": 0.3272745234100336,
      "variance_epsilon": 0.3129979843251158,
      "nr_prec": 17026,
      "CV_median": 0.09323865187900938,
      "CV_q90": 0.23780827715105993,
      "CV_q75": 0.1535067787525061,
      "CV_q95": 0.3299151986629247
    }
  },
  "median_abs_epsilon": 0.18337101464634742,
  "mean_abs_epsilon": 0.3225299320810893,
  "nr_prec": 15753,
  "comments": "",
  "proteobench_version": "0.1.dev2208+g9153d25",
  "color": "#377eb8",
  "hover_text": "ProteoBench ID: MaxQuant_20250522_154116<br>Software tool: MaxQuant <br>Comment (private submission): ...",
  "scatter_size": 20,
  "fixed_mods": "Carbamidomethyl (C)",
  "variable_mods": "Acetyl (Protein N-term),Acetyl (Protein N-term),Oxidation (M),Deamidation (NQ)",
  "max_mods": "5",
  "min_precursor_charge": null,
  "max_precursor_charge": "7",
  "quantification_method": "nan",
  "protein_inference": "nan",
  "abundance_normalization_ions": "nan",
  "submission_comments": "1st submission with Bart based on FGCZ BFABRIC WU327055s\n\n ### No parameter changes detected. \n\n\nDataset URL: https://proteobench.cubimed.rub.de/datasets/6036b6679a394fe1fced33d8afb114a4bdc3715e/"
}