{
  "id": "i2MassChroQ_20250826_072517",
  "software_name": "i2MassChroQ",
  "software_version": "1.2.6",
  "search_engine": "Sage",
  "search_engine_version": "0.15.0-beta.1",
  "ident_fdr_psm": 0.0099974602295,
  "ident_fdr_peptide": 0.0147881377339,
  "ident_fdr_protein": 0.0104143585198,
  "enable_match_between_runs": true,
  "precursor_mass_tolerance": "-20 20 ppm",
  "fragment_mass_tolerance": "-20 20 ppm",
  "enzyme": "Trypsin/P",
  "allowed_miscleavages": 2,
  "min_peptide_length": 7,
  "max_peptide_length": 30,
  "is_temporary": false,
  "intermediate_hash": "7d79726780249616cca8a7bc552e03701a709328",
  "results": {
    "6": {
      "median_abs_epsilon_global": 0.18064737572021805,
      "median_abs_epsilon_eq_species": 0.2404711832329832,
      "median_abs_epsilon_ECOLI": 0.3610047721649945,
      "median_abs_epsilon_HUMAN": 0.17324876483174734,
      "median_abs_epsilon_YEAST": 0.18716001270220772,
      "mean_abs_epsilon_global": 0.30211787955948244,
      "mean_abs_epsilon_eq_species": 0.4241844880786591,
      "mean_abs_epsilon_ECOLI": 0.6757034203608556,
      "mean_abs_epsilon_HUMAN": 0.2758251583045304,
      "mean_abs_epsilon_YEAST": 0.3210248855705913,
      "median_log2_empirical_ECOLI": -2.007348317899833,
      "median_log2_empirical_HUMAN": -0.11387994261659529,
      "median_log2_empirical_YEAST": 0.9330527336196219,
      "median_abs_epsilon_precision_global": 0.1591611398503261,
      "median_abs_epsilon_precision_eq_species": 0.23079619106100147,
      "median_abs_epsilon_precision_ECOLI": 0.3594086193510915,
      "median_abs_epsilon_precision_HUMAN": 0.14699937709551136,
      "median_abs_epsilon_precision_YEAST": 0.18598057673640156,
      "mean_log2_empirical_ECOLI": -1.6673943766535528,
      "mean_log2_empirical_HUMAN": -0.1373118985028958,
      "mean_log2_empirical_YEAST": 0.8781792494796213,
      "mean_abs_epsilon_precision_global": 0.28572588699597334,
      "mean_abs_epsilon_precision_eq_species": 0.4368438992354662,
      "mean_abs_epsilon_precision_ECOLI": 0.7406551162749279,
      "mean_abs_epsilon_precision_HUMAN": 0.2510978658868563,
      "mean_abs_epsilon_precision_YEAST": 0.31877871554461457,
      "CV_median": 0.08855161350219906,
      "CV_q75": 0.16097365417792092,
      "CV_q90": 0.2763477589280113,
      "CV_q95": 0.3861176897953356,
      "variance_epsilon_global": 0.23391807458342248,
      "nr_feature": 31874,
      "roc_auc": 0.9155026669429747
    },
    "5": {
      "median_abs_epsilon_global": 0.1899557962102456,
      "median_abs_epsilon_eq_species": 0.25565966046392913,
      "median_abs_epsilon_ECOLI": 0.38651242207328096,
      "median_abs_epsilon_HUMAN": 0.18110434605460313,
      "median_abs_epsilon_YEAST": 0.19936221326390324,
      "mean_abs_epsilon_global": 0.32692860228163634,
      "mean_abs_epsilon_eq_species": 0.44599413551123884,
      "mean_abs_epsilon_ECOLI": 0.6953241489812411,
      "mean_abs_epsilon_HUMAN": 0.29892890161171304,
      "mean_abs_epsilon_YEAST": 0.34372935594076237,
      "median_log2_empirical_ECOLI": -2.0132248371559545,
      "median_log2_empirical_HUMAN": -0.11614121508626596,
      "median_log2_empirical_YEAST": 0.9321546115074231,
      "median_abs_epsilon_precision_global": 0.16935951539656102,
      "median_abs_epsilon_precision_eq_species": 0.24676271843834266,
      "median_abs_epsilon_precision_ECOLI": 0.38767627936225146,
      "median_abs_epsilon_precision_HUMAN": 0.15491163739296,
      "median_abs_epsilon_precision_YEAST": 0.19770023855981655,
      "mean_log2_empirical_ECOLI": -1.6870914934287213,
      "mean_log2_empirical_HUMAN": -0.148168255806561,
      "mean_log2_empirical_YEAST": 0.8717265176122647,
      "mean_abs_epsilon_precision_global": 0.3115509740160441,
      "mean_abs_epsilon_precision_eq_species": 0.4577927290662556,
      "mean_abs_epsilon_precision_ECOLI": 0.7559840288477959,
      "mean_abs_epsilon_precision_HUMAN": 0.27492922691224503,
      "mean_abs_epsilon_precision_YEAST": 0.34246493143872603,
      "CV_median": 0.09246941211825975,
      "CV_q75": 0.1722938790253566,
      "CV_q90": 0.3058287024432454,
      "CV_q95": 0.4303093603437376,
      "variance_epsilon_global": 0.2769385605076513,
      "nr_feature": 34447,
      "roc_auc": 0.9035651562163028
    },
    "4": {
      "median_abs_epsilon_global": 0.1956099774110598,
      "median_abs_epsilon_eq_species": 0.2688906372030324,
      "median_abs_epsilon_ECOLI": 0.4161178936946186,
      "median_abs_epsilon_HUMAN": 0.18502664544278602,
      "median_abs_epsilon_YEAST": 0.20552737247169262,
      "mean_abs_epsilon_global": 0.34392782345750417,
      "mean_abs_epsilon_eq_species": 0.4627762822705271,
      "mean_abs_epsilon_ECOLI": 0.7153795191926522,
      "mean_abs_epsilon_HUMAN": 0.3145162800573516,
      "mean_abs_epsilon_YEAST": 0.3584330475615777,
      "median_log2_empirical_ECOLI": -2.013710641994866,
      "median_log2_empirical_HUMAN": -0.11772974249020152,
      "median_log2_empirical_YEAST": 0.9308285908195657,
      "median_abs_epsilon_precision_global": 0.17431665569814214,
      "median_abs_epsilon_precision_eq_species": 0.25714751228230054,
      "median_abs_epsilon_precision_ECOLI": 0.4073379364212393,
      "median_abs_epsilon_precision_HUMAN": 0.15882879349081946,
      "median_abs_epsilon_precision_YEAST": 0.20527580693484282,
      "mean_log2_empirical_ECOLI": -1.699288795142442,
      "mean_log2_empirical_HUMAN": -0.1567095670410909,
      "mean_log2_empirical_YEAST": 0.8700816036785497,
      "mean_abs_epsilon_precision_global": 0.3291099949758893,
      "mean_abs_epsilon_precision_eq_species": 0.47325369615526586,
      "mean_abs_epsilon_precision_ECOLI": 0.7713004566279013,
      "mean_abs_epsilon_precision_HUMAN": 0.29112965005967245,
      "mean_abs_epsilon_precision_YEAST": 0.3573309817782239,
      "CV_median": 0.09409146294729931,
      "CV_q75": 0.1762461237779609,
      "CV_q90": 0.31385527294995497,
      "CV_q95": 0.44159979054419946,
      "variance_epsilon_global": 0.3148362191616688,
      "nr_feature": 35617,
      "roc_auc": 0.8972827804656294
    },
    "3": {
      "median_abs_epsilon_global": 0.19713825672146257,
      "median_abs_epsilon_eq_species": 0.2699981061102683,
      "median_abs_epsilon_ECOLI": 0.4168893514120988,
      "median_abs_epsilon_HUMAN": 0.18640752449248765,
      "median_abs_epsilon_YEAST": 0.20669744242621846,
      "mean_abs_epsilon_global": 0.34792378955768866,
      "mean_abs_epsilon_eq_species": 0.46535043865722314,
      "mean_abs_epsilon_ECOLI": 0.7155366643754498,
      "mean_abs_epsilon_HUMAN": 0.31917115668455465,
      "mean_abs_epsilon_YEAST": 0.3613434949116649,
      "median_log2_empirical_ECOLI": -2.012971293838195,
      "median_log2_empirical_HUMAN": -0.11774323549975918,
      "median_log2_empirical_YEAST": 0.9306440067645774,
      "median_abs_epsilon_precision_global": 0.1759987837996242,
      "median_abs_epsilon_precision_eq_species": 0.2592363241311742,
      "median_abs_epsilon_precision_ECOLI": 0.4094411307952974,
      "median_abs_epsilon_precision_HUMAN": 0.16051113859706234,
      "median_abs_epsilon_precision_YEAST": 0.2077567030011629,
      "mean_log2_empirical_ECOLI": -1.7000380570632396,
      "mean_log2_empirical_HUMAN": -0.15679072838645827,
      "mean_log2_empirical_YEAST": 0.869020366322231,
      "mean_abs_epsilon_precision_global": 0.33320387803712126,
      "mean_abs_epsilon_precision_eq_species": 0.4756557798011685,
      "mean_abs_epsilon_precision_ECOLI": 0.7706354074065104,
      "mean_abs_epsilon_precision_HUMAN": 0.29596137517211313,
      "mean_abs_epsilon_precision_YEAST": 0.360370556824882,
      "CV_median": 0.09496736840023531,
      "CV_q75": 0.17829671048867995,
      "CV_q90": 0.3176273651260205,
      "CV_q95": 0.44660357013181073,
      "variance_epsilon_global": 0.3228653331131207,
      "nr_feature": 36469,
      "roc_auc": 0.8951969020902739
    },
    "2": {
      "median_abs_epsilon_global": 0.1975349835010043,