{
  "old_new": "new",
  "id": "i2MassChroQ_20250826_072517",
  "software_name": "i2MassChroQ",
  "software_version": "1.2.6",
  "search_engine": "Sage",
  "search_engine_version": "0.15.0-beta.1",
  "ident_fdr_psm": "0.0099974602295",
  "ident_fdr_peptide": "0.0147881377339",
  "ident_fdr_protein": "0.0104143585198",
  "enable_match_between_runs": true,
  "precursor_mass_tolerance": "-20 20 ppm",
  "fragment_mass_tolerance": "-20 20 ppm",
  "enzyme": "KR,T",
  "allowed_miscleavages": "2",
  "min_peptide_length": "7",
  "max_peptide_length": "30",
  "is_temporary": false,
  "intermediate_hash": "7d79726780249616cca8a7bc552e03701a709328",
  "results": {
    "6": {
      "median_abs_epsilon": 0.18053547404119996,
      "mean_abs_epsilon": 0.3023306063879502,
      "variance_epsilon": 0.2342528343923233,
      "nr_prec": 32081,
      "CV_median": 0.08831048529164162,
      "CV_q75": 0.1606753303958859,
      "CV_q90": 0.2760303114298372,
      "CV_q95": 0.3854160298056116
    },
    "5": {
      "median_abs_epsilon": 0.18983708239137442,
      "mean_abs_epsilon": 0.3270919050183852,
      "variance_epsilon": 0.2772379404189154,
      "nr_prec": 34663,
      "CV_median": 0.09220728722598438,
      "CV_q75": 0.17203889122121452,
      "CV_q90": 0.3055192496868578,
      "CV_q95": 0.430043740583995
    },
    "4": {
      "median_abs_epsilon": 0.1954464204764328,
      "mean_abs_epsilon": 0.3441242858008745,
      "variance_epsilon": 0.3156108095217144,
      "nr_prec": 35835,
      "CV_median": 0.0937844849105064,
      "CV_q75": 0.17607921522506115,
      "CV_q90": 0.313569772112967,
      "CV_q95": 0.4413116458420818
    },
    "3": {
      "median_abs_epsilon": 0.19697292662830534,
      "mean_abs_epsilon": 0.3480965042795632,
      "variance_epsilon": 0.3235774369473124,
      "nr_prec": 36691,
      "CV_median": 0.09467382189983689,
      "CV_q75": 0.17804236022251108,
      "CV_q90": 0.31740612534778634,
      "CV_q95": 0.4463587604164867
    },
    "2": {
      "median_abs_epsilon": 0.19735752700232645,
      "mean_abs_epsilon": 0.3494102181104658,
      "variance_epsilon": 0.32635122578218473,
      "nr_prec": 36980,
      "CV_median": 0.09482264543784187,
      "CV_q75": 0.17842018770801893,
      "CV_q90": 0.3182139789132622,
      "CV_q95": 0.44789516470225843
    },
    "1": {
      "median_abs_epsilon": 0.19735752700232645,
      "mean_abs_epsilon": 0.3494102181104658,
      "variance_epsilon": 0.32635122578218473,
      "nr_prec": 37093,
      "CV_median": 0.09482264543784187,
      "CV_q75": 0.17842018770801893,
      "CV_q90": 0.3182139789132622,
      "CV_q95": 0.44789516470225843
    }
  },
  "median_abs_epsilon": 0.19697292662830534,
  "mean_abs_epsilon": 0.3480965042795632,
  "nr_prec": 36691,
  "comments": "",
  "proteobench_version": "0.9.3",
  "color": "#108E2E",
  "hover_text": "ProteoBench ID: i2MassChroQ_20250826_072517<br>Software tool: i2MassChroQ <br>Comment (private submission): ...",
  "scatter_size": 20,
  "fixed_mods": "C:57.0215",
  "variable_mods": "M:15.994 [:42",
  "max_mods": "3",
  "min_precursor_charge": "2",
  "max_precursor_charge": "4",
  "quantification_method": "nan",
  "protein_inference": "nan",
  "abundance_normalization_ions": "nan",
  "submission_comments": "data completeness : 95.8%\nusing Sage dataset settings for identification\n\n ### No parameter changes detected. \n\n\nDataset URL: https://proteobench.cubimed.rub.de/datasets/7d79726780249616cca8a7bc552e03701a709328/",
  "semi_enzymatic": false
}