{
  "id": "DIA-NN_20260612_054410",
  "software_name": "DIA-NN",
  "software_version": "2.6.0 Enterprise ",
  "search_engine": "DIA-NN",
  "search_engine_version": "2.6.0 Enterprise ",
  "ident_fdr_psm": 0.01,
  "ident_fdr_peptide": NaN,
  "ident_fdr_protein": NaN,
  "enable_match_between_runs": true,
  "precursor_mass_tolerance": "[-4.0 ppm, 4.0 ppm]",
  "fragment_mass_tolerance": "[-10.0 ppm, 10.0 ppm]",
  "enzyme": "Trypsin/P",
  "allowed_miscleavages": 2,
  "min_peptide_length": 7,
  "max_peptide_length": 30,
  "is_temporary": false,
  "intermediate_hash": "b6b29b7502d7909980b81427ad6c9b7dc3ee61c2",
  "results": {
    "6": {
      "median_abs_epsilon_global": 0.21700683104061902,
      "median_abs_epsilon_eq_species": 0.3224333956349395,
      "median_abs_epsilon_ECOLI": 0.49652481461387055,
      "median_abs_epsilon_HUMAN": 0.2006651440598226,
      "median_abs_epsilon_YEAST": 0.2701102282311254,
      "mean_abs_epsilon_global": 0.3716047573824877,
      "mean_abs_epsilon_eq_species": 0.50764669736635,
      "mean_abs_epsilon_ECOLI": 0.7572746453326153,
      "mean_abs_epsilon_HUMAN": 0.33926409969254867,
      "mean_abs_epsilon_YEAST": 0.4264013470738861,
      "median_log2_empirical_ECOLI": -1.9118260155747748,
      "median_log2_empirical_HUMAN": 0.01195187176910295,
      "median_log2_empirical_YEAST": 1.055203564364291,
      "median_abs_epsilon_precision_global": 0.21459548122886574,
      "median_abs_epsilon_precision_eq_species": 0.3217604052236573,
      "median_abs_epsilon_precision_ECOLI": 0.5069370148338148,
      "median_abs_epsilon_precision_HUMAN": 0.20010523776566203,
      "median_abs_epsilon_precision_YEAST": 0.25823896307149496,
      "mean_log2_empirical_ECOLI": -1.6876309178419868,
      "mean_log2_empirical_HUMAN": -0.006597177049554012,
      "mean_log2_empirical_YEAST": 1.0048222414043255,
      "mean_abs_epsilon_precision_global": 0.3726534850689927,
      "mean_abs_epsilon_precision_eq_species": 0.5154220627180752,
      "mean_abs_epsilon_precision_ECOLI": 0.7809194673079393,
      "mean_abs_epsilon_precision_HUMAN": 0.3395786580947849,
      "mean_abs_epsilon_precision_YEAST": 0.4257680627515016,
      "CV_median": 0.13933426728518383,
      "CV_q75": 0.26816100672701215,
      "CV_q90": 0.4589595843137836,
      "CV_q95": 0.591556272602177,
      "variance_epsilon_global": 0.33188744752382676,
      "nr_feature": 64844,
      "roc_auc": 0.8867153217544674
    },
    "5": {
      "median_abs_epsilon_global": 0.24370681889191204,
      "median_abs_epsilon_eq_species": 0.3761311618047169,
      "median_abs_epsilon_ECOLI": 0.5947419840457115,
      "median_abs_epsilon_HUMAN": 0.22244198558504458,
      "median_abs_epsilon_YEAST": 0.3112095157833945,
      "mean_abs_epsilon_global": 0.4156961652178719,
      "mean_abs_epsilon_eq_species": 0.5635425188970116,
      "mean_abs_epsilon_ECOLI": 0.8423263184938008,
      "mean_abs_epsilon_HUMAN": 0.37748127650141955,
      "mean_abs_epsilon_YEAST": 0.47081996169581436,
      "median_log2_empirical_ECOLI": -1.879547316946912,
      "median_log2_empirical_HUMAN": 0.009748257250832282,
      "median_log2_empirical_YEAST": 1.0476534264191528,
      "median_abs_epsilon_precision_global": 0.2424710794222289,
      "median_abs_epsilon_precision_eq_species": 0.37986483772541035,
      "median_abs_epsilon_precision_ECOLI": 0.6163574677429793,
      "median_abs_epsilon_precision_HUMAN": 0.22149380365603122,
      "median_abs_epsilon_precision_YEAST": 0.30174324177722056,
      "mean_log2_empirical_ECOLI": -1.638097751003493,
      "mean_log2_empirical_HUMAN": -0.01576144556022479,
      "mean_log2_empirical_YEAST": 0.9930401871157177,
      "mean_abs_epsilon_precision_global": 0.417190281092862,
      "mean_abs_epsilon_precision_eq_species": 0.5695790588369596,
      "mean_abs_epsilon_precision_ECOLI": 0.8588425436675483,
      "mean_abs_epsilon_precision_HUMAN": 0.37828086112374704,
      "mean_abs_epsilon_precision_YEAST": 0.4716137717195834,
      "CV_median": 0.15056008042390379,
      "CV_q75": 0.29917392735561543,
      "CV_q90": 0.5079521206840741,
      "CV_q95": 0.6378909937857151,
      "variance_epsilon_global": 0.4079610870733908,
      "nr_feature": 76615,
      "roc_auc": 0.8619380478956148
    },
    "4": {
      "median_abs_epsilon_global": 0.2653004247597579,
      "median_abs_epsilon_eq_species": 0.4166979082579836,
      "median_abs_epsilon_ECOLI": 0.6714355480067198,
      "median_abs_epsilon_HUMAN": 0.2389566013154294,
      "median_abs_epsilon_YEAST": 0.3397015754518016,
      "mean_abs_epsilon_global": 0.45104728917707093,
      "mean_abs_epsilon_eq_species": 0.6087856322532238,
      "mean_abs_epsilon_ECOLI": 0.9139469888080144,
      "mean_abs_epsilon_HUMAN": 0.40706111099603615,
      "mean_abs_epsilon_YEAST": 0.5053487969556208,
      "median_log2_empirical_ECOLI": -1.8320587707320932,
      "median_log2_empirical_HUMAN": 0.009238814615436297,
      "median_log2_empirical_YEAST": 1.036864299392736,
      "median_abs_epsilon_precision_global": 0.26445378420625687,
      "median_abs_epsilon_precision_eq_species": 0.42302764493524236,
      "median_abs_epsilon_precision_ECOLI": 0.6968264286484747,
      "median_abs_epsilon_precision_HUMAN": 0.2378035910927494,
      "median_abs_epsilon_precision_YEAST": 0.33445291506450303,
      "mean_log2_empirical_ECOLI": -1.5725185414486695,
      "mean_log2_empirical_HUMAN": -0.018615519415720413,
      "mean_log2_empirical_YEAST": 0.9733542969412354,
      "mean_abs_epsilon_precision_global": 0.45265421048516796,
      "mean_abs_epsilon_precision_eq_species": 0.6124224575288583,
      "mean_abs_epsilon_precision_ECOLI": 0.921118858525227,
      "mean_abs_epsilon_precision_HUMAN": 0.4080038647185853,
      "mean_abs_epsilon_precision_YEAST": 0.5081446493427623,
      "CV_median": 0.156098115703814,
      "CV_q75": 0.3135148529904406,
      "CV_q90": 0.526373307071576,
      "CV_q95": 0.6559411396420674,
      "variance_epsilon_global": 0.47766019369171375,
      "nr_feature": 85135,
      "roc_auc": 0.8425669348266561
    },
    "3": {
      "median_abs_epsilon_global": 0.27669505708515096,
      "median_abs_epsilon_eq_species": 0.4323337419962178,
      "median_abs_epsilon_ECOLI": 0.6912844223896908,
      "median_abs_epsilon_HUMAN": 0.24861993457042253,
      "median_abs_epsilon_YEAST": 0.3570968690285401,
      "mean_abs_epsilon_global": 0.46830509933056,
      "mean_abs_epsilon_eq_species": 0.6287746708326615,
      "mean_abs_epsilon_ECOLI": 0.9368375095173415,
      "mean_abs_epsilon_HUMAN": 0.42388223236921757,
      "mean_abs_epsilon_YEAST": 0.5256042706114256,
      "median_log2_empirical_ECOLI": -1.804753714262116,
      "median_log2_empirical_HUMAN": 0.010983517902376505,
      "median_log2_empirical_YEAST": 1.0279351647362152,
      "median_abs_epsilon_precision_global": 0.27659774609333887,
      "median_abs_epsilon_precision_eq_species": 0.4381949274937658,
      "median_abs_epsilon_precision_ECOLI": 0.7144184770121811,
      "median_abs_epsilon_precision_HUMAN": 0.24835684124968083,
      "median_abs_epsilon_precision_YEAST": 0.3518094642194356,
      "mean_log2_empirical_ECOLI": -1.536139594988423,
      "mean_log2_empirical_HUMAN": -0.01425522327863562,
      "mean_log2_empirical_YEAST": 0.952867988119557,
      "mean_abs_epsilon_precision_global": 0.4698705984792369,
      "mean_abs_epsilon_precision_eq_species": 0.6315870565049866,
      "mean_abs_epsilon_precision_ECOLI": 0.9398793784690753,
      "mean_abs_epsilon_precision_HUMAN": 0.4245510608254684,
      "mean_abs_epsilon_precision_YEAST": 0.5303307302204161,
      "CV_median": 0.1594368789975717,
      "CV_q75": 0.3221920337218298,
      "CV_q90": 0.5357038510689451,
      "CV_q95": 0.665031029543326,
      "variance_epsilon_global": 0.5100466835116615,
      "nr_feature": 93237,
      "roc_auc": 0.8302344403704743
    },
    "2": {
      "median_abs_epsilon_global": 0.28417902419164065,
      "median_abs_epsilon_eq_species": 0.4416668069693479,