{
  "old_new": "new",
  "id": "DIA-NN_20260612_054410",
  "software_name": "DIA-NN",
  "software_version": "2.6.0 Enterprise ",
  "search_engine": "DIA-NN",
  "search_engine_version": "2.6.0 Enterprise ",
  "ident_fdr_psm": 0.01,
  "ident_fdr_peptide": NaN,
  "ident_fdr_protein": NaN,
  "enable_match_between_runs": true,
  "precursor_mass_tolerance": "[-4.0 ppm, 4.0 ppm]",
  "fragment_mass_tolerance": "[-10.0 ppm, 10.0 ppm]",
  "enzyme": "Trypsin/P",
  "allowed_miscleavages": 2,
  "min_peptide_length": 7,
  "max_peptide_length": 30,
  "is_temporary": false,
  "intermediate_hash": "b6b29b7502d7909980b81427ad6c9b7dc3ee61c2",
  "results": {
    "6": {
      "median_abs_epsilon_global": 0.112090071246718,
      "median_abs_epsilon_eq_species": 0.126404641883807,
      "median_abs_epsilon_ECOLI": 0.14911408284531102,
      "median_abs_epsilon_HUMAN": 0.109470189965174,
      "median_abs_epsilon_YEAST": 0.120629652840936,
      "mean_abs_epsilon_global": 0.155253899450255,
      "mean_abs_epsilon_eq_species": 0.181142127978719,
      "mean_abs_epsilon_ECOLI": 0.222177174545329,
      "mean_abs_epsilon_HUMAN": 0.149455962096592,
      "mean_abs_epsilon_YEAST": 0.171793247294237,
      "median_log2_empirical_ECOLI": -1.96559381386735,
      "median_log2_empirical_HUMAN": 0.012706859559457,
      "median_log2_empirical_YEAST": 1.045554608449983,
      "median_abs_epsilon_precision_global": 0.10914034137673301,
      "median_abs_epsilon_precision_eq_species": 0.11871757352701001,
      "median_abs_epsilon_precision_ECOLI": 0.136173517029888,
      "median_abs_epsilon_precision_HUMAN": 0.10798728934831,
      "median_abs_epsilon_precision_YEAST": 0.11199191420283401,
      "mean_log2_empirical_ECOLI": -1.9516934395940062,
      "mean_log2_empirical_HUMAN": 0.0011295363544090002,
      "mean_log2_empirical_YEAST": 1.026932038469861,
      "mean_abs_epsilon_precision_global": 0.154387205286481,
      "mean_abs_epsilon_precision_eq_species": 0.17881171672135002,
      "mean_abs_epsilon_precision_ECOLI": 0.21955055998217002,
      "mean_abs_epsilon_precision_HUMAN": 0.149380479766306,
      "mean_abs_epsilon_precision_YEAST": 0.167504110415574,
      "CV_median": 0.07783847323402501,
      "CV_q75": 0.118074930557716,
      "CV_q90": 0.16460443546238002,
      "CV_q95": 0.19961122702114,
      "variance_epsilon_global": 0.052572410025542006,
      "nr_prec": 12219,
      "roc_auc": 0.9869347317629771
    },
    "5": {
      "median_abs_epsilon_global": 0.11736215943753601,
      "median_abs_epsilon_eq_species": 0.13306875017956601,
      "median_abs_epsilon_ECOLI": 0.155531097908424,
      "median_abs_epsilon_HUMAN": 0.113462060364639,
      "median_abs_epsilon_YEAST": 0.13021309226563402,
      "mean_abs_epsilon_global": 0.167745048547148,
      "mean_abs_epsilon_eq_species": 0.20387457672567202,
      "mean_abs_epsilon_ECOLI": 0.264935111499554,
      "mean_abs_epsilon_HUMAN": 0.15978360599083402,
      "mean_abs_epsilon_YEAST": 0.186905012686628,
      "median_log2_empirical_ECOLI": -1.966433896322144,
      "median_log2_empirical_HUMAN": 0.010288952076377,
      "median_log2_empirical_YEAST": 1.045546836081918,
      "median_abs_epsilon_precision_global": 0.114630105685025,
      "median_abs_epsilon_precision_eq_species": 0.12811493814482802,
      "median_abs_epsilon_precision_ECOLI": 0.15005165003696502,
      "median_abs_epsilon_precision_HUMAN": 0.112255514965927,
      "median_abs_epsilon_precision_YEAST": 0.12203764943159301,
      "mean_log2_empirical_ECOLI": -1.928104062304252,
      "mean_log2_empirical_HUMAN": -0.004721067163427,
      "mean_log2_empirical_YEAST": 1.026080306335935,
      "mean_abs_epsilon_precision_global": 0.16727341417840003,
      "mean_abs_epsilon_precision_eq_species": 0.202566950574145,
      "mean_abs_epsilon_precision_ECOLI": 0.264700569963849,
      "mean_abs_epsilon_precision_HUMAN": 0.160085062629183,
      "mean_abs_epsilon_precision_YEAST": 0.182915219129403,
      "CV_median": 0.079239260047626,
      "CV_q75": 0.12156781264892001,
      "CV_q90": 0.172366987364228,
      "CV_q95": 0.21137516829726702,
      "variance_epsilon_global": 0.06491823940869601,
      "nr_prec": 14361,
      "roc_auc": 0.9824141266292441
    },
    "4": {
      "median_abs_epsilon_global": 0.12107625413552,
      "median_abs_epsilon_eq_species": 0.139186613986671,
      "median_abs_epsilon_ECOLI": 0.16508104405870502,
      "median_abs_epsilon_HUMAN": 0.11710915396177901,
      "median_abs_epsilon_YEAST": 0.13536964393953,
      "mean_abs_epsilon_global": 0.17743548004466,
      "mean_abs_epsilon_eq_species": 0.22470630351745502,
      "mean_abs_epsilon_ECOLI": 0.31033510641087503,
      "mean_abs_epsilon_HUMAN": 0.167961236315276,
      "mean_abs_epsilon_YEAST": 0.19582256782621302,
      "median_log2_empirical_ECOLI": -1.953896628576146,
      "median_log2_empirical_HUMAN": 0.009266813056781,
      "median_log2_empirical_YEAST": 1.041945986745911,
      "median_abs_epsilon_precision_global": 0.11885201289100901,
      "median_abs_epsilon_precision_eq_species": 0.135227502803717,
      "median_abs_epsilon_precision_ECOLI": 0.16298941621093702,
      "median_abs_epsilon_precision_HUMAN": 0.115777316381899,
      "median_abs_epsilon_precision_YEAST": 0.126915775818314,
      "mean_log2_empirical_ECOLI": -1.885139362631099,
      "mean_log2_empirical_HUMAN": -0.007157679804393,
      "mean_log2_empirical_YEAST": 1.018399133888939,
      "mean_abs_epsilon_precision_global": 0.177458026142254,
      "mean_abs_epsilon_precision_eq_species": 0.22554128673461202,
      "mean_abs_epsilon_precision_ECOLI": 0.31514610302948803,
      "mean_abs_epsilon_precision_HUMAN": 0.168419895851976,
      "mean_abs_epsilon_precision_YEAST": 0.19305786132237301,
      "CV_median": 0.079367796504813,
      "CV_q75": 0.12264355777131201,
      "CV_q90": 0.174890290458756,
      "CV_q95": 0.21545068929903102,
      "variance_epsilon_global": 0.07621638896707601,
      "nr_prec": 15492,
      "roc_auc": 0.9779299259799171
    },
    "3": {
      "median_abs_epsilon_global": 0.12339453522481801,
      "median_abs_epsilon_eq_species": 0.142059386140336,
      "median_abs_epsilon_ECOLI": 0.168030938119652,
      "median_abs_epsilon_HUMAN": 0.11947940680320801,
      "median_abs_epsilon_YEAST": 0.138667813498146,
      "mean_abs_epsilon_global": 0.182391383174824,
      "mean_abs_epsilon_eq_species": 0.23230836122681303,
      "mean_abs_epsilon_ECOLI": 0.322121748698588,
      "mean_abs_epsilon_HUMAN": 0.172335528783315,
      "mean_abs_epsilon_YEAST": 0.20246780619853702,
      "median_log2_empirical_ECOLI": -1.953441617881312,
      "median_log2_empirical_HUMAN": 0.009601264660421,
      "median_log2_empirical_YEAST": 1.038765800222782,
      "median_abs_epsilon_precision_global": 0.12161372492953501,
      "median_abs_epsilon_precision_eq_species": 0.139076682047431,
      "median_abs_epsilon_precision_ECOLI": 0.16892141709424102,
      "median_abs_epsilon_precision_HUMAN": 0.11819780290602101,
      "median_abs_epsilon_precision_YEAST": 0.130110826142033,
      "mean_log2_empirical_ECOLI": -1.870323462285341,
      "mean_log2_empirical_HUMAN": -0.00758355973676,
      "mean_log2_empirical_YEAST": 1.012021006467326,
      "mean_abs_epsilon_precision_global": 0.18271239601980102,
      "mean_abs_epsilon_precision_eq_species": 0.23449511130481102,
      "mean_abs_epsilon_precision_ECOLI": 0.330000611234464,
      "mean_abs_epsilon_precision_HUMAN": 0.172839523098221,
      "mean_abs_epsilon_precision_YEAST": 0.200645199581748,
      "CV_median": 0.07936327174302,
      "CV_q75": 0.123105761465416,
      "CV_q90": 0.17679571407834402,
      "CV_q95": 0.21759142715398502,
      "variance_epsilon_global": 0.081097178265621,
      "nr_prec": 16363,
      "roc_auc": 0.9743992361307731
    },
    "2": {
      "median_abs_epsilon_global": 0.124594993768496,
      "median_abs_epsilon_eq_species": 0.14290939335872002,
      "median_abs_epsilon_ECOLI": 0.168538984013157,