{
  "id": "i2MassChroQ_20250912_065446",
  "software_name": "i2MassChroQ",
  "software_version": "1.2.9",
  "search_engine": "Sage",
  "search_engine_version": "0.15.0-beta.1",
  "ident_fdr_psm": 0.0099974602295,
  "ident_fdr_peptide": 0.0147881377339,
  "ident_fdr_protein": 0.0104143585198,
  "enable_match_between_runs": false,
  "precursor_mass_tolerance": "[-20 ppm, 20 ppm]",
  "fragment_mass_tolerance": "[-20 ppm, 20 ppm]",
  "enzyme": "Trypsin/P",
  "allowed_miscleavages": 2,
  "min_peptide_length": 7,
  "max_peptide_length": 30,
  "is_temporary": false,
  "intermediate_hash": "bb1a5182a0bedf5a55c7680170bce26c09ba7603",
  "results": {
    "6": {
      "median_abs_epsilon_global": 0.15783560310874023,
      "median_abs_epsilon_eq_species": 0.16799511915453635,
      "median_abs_epsilon_ECOLI": 0.20969160593266345,
      "median_abs_epsilon_HUMAN": 0.16257914142548913,
      "median_abs_epsilon_YEAST": 0.1317146101054565,
      "mean_abs_epsilon_global": 0.245225310878561,
      "mean_abs_epsilon_eq_species": 0.27387700367107276,
      "mean_abs_epsilon_ECOLI": 0.35246287480019156,
      "mean_abs_epsilon_HUMAN": 0.2473762467750677,
      "mean_abs_epsilon_YEAST": 0.22179188943795908,
      "median_log2_empirical_ECOLI": -2.1412350122184147,
      "median_log2_empirical_HUMAN": -0.13771951324093124,
      "median_log2_empirical_YEAST": 0.9189420470869383,
      "median_abs_epsilon_precision_global": 0.12055135197408973,
      "median_abs_epsilon_precision_eq_species": 0.13152807379257503,
      "median_abs_epsilon_precision_ECOLI": 0.15536206868956448,
      "median_abs_epsilon_precision_HUMAN": 0.12025194615747026,
      "median_abs_epsilon_precision_YEAST": 0.11897020653069035,
      "mean_log2_empirical_ECOLI": -2.039113602375102,
      "mean_log2_empirical_HUMAN": -0.18511650469985355,
      "mean_log2_empirical_YEAST": 0.8812076357596651,
      "mean_abs_epsilon_precision_global": 0.21142382350377673,
      "mean_abs_epsilon_precision_eq_species": 0.25086219400571486,
      "mean_abs_epsilon_precision_ECOLI": 0.33506075646328576,
      "mean_abs_epsilon_precision_HUMAN": 0.20814949179429104,
      "mean_abs_epsilon_precision_YEAST": 0.20937633375956777,
      "CV_median": 0.07070457422793658,
      "CV_q75": 0.1214307669892012,
      "CV_q90": 0.20159405807888847,
      "CV_q95": 0.2818616850999892,
      "variance_epsilon_global": 0.1281356491750038,
      "nr_feature": 11817,
      "roc_auc": 0.9467257433904503
    },
    "5": {
      "median_abs_epsilon_global": 0.16228574290349762,
      "median_abs_epsilon_eq_species": 0.17284230498991526,
      "median_abs_epsilon_ECOLI": 0.2142898498570922,
      "median_abs_epsilon_HUMAN": 0.16613351098040496,
      "median_abs_epsilon_YEAST": 0.13810355413224862,
      "mean_abs_epsilon_global": 0.2580617631946018,
      "mean_abs_epsilon_eq_species": 0.28572935271616545,
      "mean_abs_epsilon_ECOLI": 0.3622583195956675,
      "mean_abs_epsilon_HUMAN": 0.260108078854145,
      "mean_abs_epsilon_YEAST": 0.2348216596986838,
      "median_log2_empirical_ECOLI": -2.1284044401304136,
      "median_log2_empirical_HUMAN": -0.13269161223998438,
      "median_log2_empirical_YEAST": 0.9257493277592719,
      "median_abs_epsilon_precision_global": 0.12938759253251675,
      "median_abs_epsilon_precision_eq_species": 0.14325106781233346,
      "median_abs_epsilon_precision_ECOLI": 0.17176372882927993,
      "median_abs_epsilon_precision_HUMAN": 0.12843561380632096,
      "median_abs_epsilon_precision_YEAST": 0.12955386080139952,
      "mean_log2_empirical_ECOLI": -2.017474297672503,
      "mean_log2_empirical_HUMAN": -0.1806306310784906,
      "mean_log2_empirical_YEAST": 0.8878223366897354,
      "mean_abs_epsilon_precision_global": 0.22895776493110476,
      "mean_abs_epsilon_precision_eq_species": 0.26871940543150064,
      "mean_abs_epsilon_precision_ECOLI": 0.355342619335386,
      "mean_abs_epsilon_precision_HUMAN": 0.22581590428645287,
      "mean_abs_epsilon_precision_YEAST": 0.22499969267266307,
      "CV_median": 0.07303819295912223,
      "CV_q75": 0.12808319062786666,
      "CV_q90": 0.21876513858581523,
      "CV_q95": 0.31157864240426336,
      "variance_epsilon_global": 0.14991939313970662,
      "nr_feature": 16330,
      "roc_auc": 0.9424321993055302
    },
    "4": {
      "median_abs_epsilon_global": 0.17118707144219236,
      "median_abs_epsilon_eq_species": 0.1873586281485545,
      "median_abs_epsilon_ECOLI": 0.2388713736994461,
      "median_abs_epsilon_HUMAN": 0.17352033172061887,
      "median_abs_epsilon_YEAST": 0.1496841790255985,
      "mean_abs_epsilon_global": 0.282142861620587,
      "mean_abs_epsilon_eq_species": 0.32007128357615894,
      "mean_abs_epsilon_ECOLI": 0.4107738104761139,
      "mean_abs_epsilon_HUMAN": 0.28055667819559243,
      "mean_abs_epsilon_YEAST": 0.26888336205677044,
      "median_log2_empirical_ECOLI": -2.1382298151750305,
      "median_log2_empirical_HUMAN": -0.13237939097815854,
      "median_log2_empirical_YEAST": 0.924223251095615,
      "median_abs_epsilon_precision_global": 0.13994252928957884,
      "median_abs_epsilon_precision_eq_species": 0.1590157567783231,
      "median_abs_epsilon_precision_ECOLI": 0.19584136693755383,
      "median_abs_epsilon_precision_HUMAN": 0.13777124163035914,
      "median_abs_epsilon_precision_YEAST": 0.14343466176705633,
      "mean_log2_empirical_ECOLI": -2.042743075244784,
      "mean_log2_empirical_HUMAN": -0.18164692250963146,
      "mean_log2_empirical_YEAST": 0.8811895973653578,
      "mean_abs_epsilon_precision_global": 0.25523418514266905,
      "mean_abs_epsilon_precision_eq_species": 0.30169963301647806,
      "mean_abs_epsilon_precision_ECOLI": 0.39573699180119337,
      "mean_abs_epsilon_precision_HUMAN": 0.2488160130707297,
      "mean_abs_epsilon_precision_YEAST": 0.2605458941775111,
      "CV_median": 0.07470396861767847,
      "CV_q75": 0.13264680386098152,
      "CV_q90": 0.22859559604002533,
      "CV_q95": 0.3257065729113119,
      "variance_epsilon_global": 0.19358342696538447,
      "nr_feature": 20212,
      "roc_auc": 0.9292550368384866
    },
    "3": {
      "median_abs_epsilon_global": 0.17781845878578295,
      "median_abs_epsilon_eq_species": 0.1947500598217277,
      "median_abs_epsilon_ECOLI": 0.24461864978112402,
      "median_abs_epsilon_HUMAN": 0.1792345916726248,
      "median_abs_epsilon_YEAST": 0.1603969380114343,
      "mean_abs_epsilon_global": 0.2944009306129398,
      "mean_abs_epsilon_eq_species": 0.3336878238932662,
      "mean_abs_epsilon_ECOLI": 0.42219665230777,
      "mean_abs_epsilon_HUMAN": 0.29168933768797506,
      "mean_abs_epsilon_YEAST": 0.2871774816840535,
      "median_log2_empirical_ECOLI": -2.1228103624327073,
      "median_log2_empirical_HUMAN": -0.13002558052010116,
      "median_log2_empirical_YEAST": 0.9214528761245724,
      "median_abs_epsilon_precision_global": 0.14862471856061354,
      "median_abs_epsilon_precision_eq_species": 0.16852515087558415,
      "median_abs_epsilon_precision_ECOLI": 0.2070054283766627,
      "median_abs_epsilon_precision_HUMAN": 0.14576051825964242,
      "median_abs_epsilon_precision_YEAST": 0.1528095059904473,
      "mean_log2_empirical_ECOLI": -2.014319109934852,
      "mean_log2_empirical_HUMAN": -0.17417067938742442,
      "mean_log2_empirical_YEAST": 0.8748940096207234,
      "mean_abs_epsilon_precision_global": 0.2692515896533561,
      "mean_abs_epsilon_precision_eq_species": 0.31956583485766027,
      "mean_abs_epsilon_precision_ECOLI": 0.4176086653466862,
      "mean_abs_epsilon_precision_HUMAN": 0.26185080072960787,
      "mean_abs_epsilon_precision_YEAST": 0.2792380384966868,
      "CV_median": 0.07650320799667465,
      "CV_q75": 0.13688841325491935,
      "CV_q90": 0.2371682054435264,
      "CV_q95": 0.33881945436955885,
      "variance_epsilon_global": 0.21355683407914686,
      "nr_feature": 24803,
      "roc_auc": 0.9214051722907853
    },
    "2": {
      "median_abs_epsilon_global": 0.1843202935893924,