{
  "old_new": "new",
  "id": "i2MassChroQ_20250912_065446",
  "software_name": "i2MassChroQ",
  "software_version": "1.2.9",
  "search_engine": "Sage",
  "search_engine_version": "0.15.0-beta.1",
  "ident_fdr_psm": "0.0099974602295",
  "ident_fdr_peptide": "0.0147881377339",
  "ident_fdr_protein": "0.0104143585198",
  "enable_match_between_runs": false,
  "precursor_mass_tolerance": "-20 20 ppm",
  "fragment_mass_tolerance": "-20 20 ppm",
  "enzyme": "KR,T",
  "allowed_miscleavages": "2",
  "min_peptide_length": "7",
  "max_peptide_length": "30",
  "is_temporary": false,
  "intermediate_hash": "bb1a5182a0bedf5a55c7680170bce26c09ba7603",
  "results": {
    "6": {
      "median_abs_epsilon": 0.1580808574642596,
      "mean_abs_epsilon": 0.24654474153872458,
      "variance_epsilon": 0.13074216371074351,
      "nr_prec": 11945,
      "CV_median": 0.0704520324500822,
      "CV_q75": 0.12119493027195241,
      "CV_q90": 0.20149365877603626,
      "CV_q95": 0.2821398081972559
    },
    "5": {
      "median_abs_epsilon": 0.16228847325574236,
      "mean_abs_epsilon": 0.2590095705959192,
      "variance_epsilon": 0.1518197761370863,
      "nr_prec": 16487,
      "CV_median": 0.07278032395326797,
      "CV_q75": 0.12787439980754073,
      "CV_q90": 0.21890748857510284,
      "CV_q95": 0.3118092725984999
    },
    "4": {
      "median_abs_epsilon": 0.17118050746743307,
      "mean_abs_epsilon": 0.282977057177061,
      "variance_epsilon": 0.19621750057688472,
      "nr_prec": 20381,
      "CV_median": 0.07449705670537435,
      "CV_q75": 0.13243347478335837,
      "CV_q90": 0.22850368712611938,
      "CV_q95": 0.3257595490292895
    },
    "3": {
      "median_abs_epsilon": 0.17773602972969016,
      "mean_abs_epsilon": 0.2950360711992157,
      "variance_epsilon": 0.2156997538755253,
      "nr_prec": 24989,
      "CV_median": 0.0762691410186068,
      "CV_q75": 0.1366093115461846,
      "CV_q90": 0.2369577173546608,
      "CV_q95": 0.33869160963892725
    },
    "2": {
      "median_abs_epsilon": 0.1840436849067082,
      "mean_abs_epsilon": 0.3084903535948713,
      "variance_epsilon": 0.2430351936831961,
      "nr_prec": 29790,
      "CV_median": 0.07704887451667963,
      "CV_q75": 0.13943328820469378,
      "CV_q90": 0.24507832251449402,
      "CV_q95": 0.34896420576078624
    },
    "1": {
      "median_abs_epsilon": 0.1840436849067082,
      "mean_abs_epsilon": 0.30849035359487137,
      "variance_epsilon": 0.24303519368319612,
      "nr_prec": 36707,
      "CV_median": 0.07704887451667963,
      "CV_q75": 0.13943328820469378,
      "CV_q90": 0.24507832251449402,
      "CV_q95": 0.34896420576078624
    }
  },
  "median_abs_epsilon": 0.16228847325574236,
  "mean_abs_epsilon": 0.2590095705959192,
  "nr_prec": 16487,
  "comments": "",
  "proteobench_version": "0.9.4",
  "color": "#108E2E",
  "hover_text": "ProteoBench ID: i2MassChroQ_20250912_065446<br>Software tool: i2MassChroQ <br>Comment (private submission): ...",
  "scatter_size": 20,
  "fixed_mods": "C:57.0215",
  "variable_mods": "M:15.994 [:42",
  "max_mods": "3",
  "min_precursor_charge": "2",
  "max_precursor_charge": "4",
  "quantification_method": "nan",
  "protein_inference": "nan",
  "abundance_normalization_ions": "nan",
  "submission_comments": "data completeness: 64% (NO MBR)\nsame identification parameters as Sage dataset\n\n ### No parameter changes detected. \n\n\nDataset URL: https://proteobench.cubimed.rub.de/datasets/bb1a5182a0bedf5a55c7680170bce26c09ba7603/",
  "semi_enzymatic": false
}