{
  "old_new": "new",
  "id": "i2MassChroQ_20250722_125020",
  "software_name": "i2MassChroQ",
  "software_version": "1.2.5",
  "search_engine": "Sage",
  "search_engine_version": "0.15.0-beta.1",
  "ident_fdr_psm": "0.00613129767185",
  "ident_fdr_peptide": "0.00759629946533",
  "ident_fdr_protein": "0.00932878270762",
  "enable_match_between_runs": true,
  "precursor_mass_tolerance": "-10 10 ppm",
  "fragment_mass_tolerance": "-0.02 0.02 da",
  "enzyme": "KR,P,T",
  "allowed_miscleavages": "2",
  "min_peptide_length": "5",
  "max_peptide_length": "50",
  "is_temporary": false,
  "intermediate_hash": "dfdeffca51b563001716963e771e9489e71f839c",
  "results": {
    "6": {
      "median_abs_epsilon": 0.1773853179655802,
      "mean_abs_epsilon": 0.2954954192306081,
      "variance_epsilon": 0.22262296547880148,
      "nr_prec": 30978,
      "CV_median": 0.0869545407198973,
      "CV_q75": 0.15867220550273917,
      "CV_q90": 0.2723340670064657,
      "CV_q95": 0.3808146608115908
    },
    "5": {
      "median_abs_epsilon": 0.18616813845212477,
      "mean_abs_epsilon": 0.320827400306093,
      "variance_epsilon": 0.27061562754379187,
      "nr_prec": 33450,
      "CV_median": 0.09081738386124877,
      "CV_q75": 0.16938454179133722,
      "CV_q90": 0.30012788585585476,
      "CV_q95": 0.4247740443730185
    },
    "4": {
      "median_abs_epsilon": 0.19159536557778978,
      "mean_abs_epsilon": 0.3390495198022809,
      "variance_epsilon": 0.3128478058923273,
      "nr_prec": 34588,
      "CV_median": 0.09219158519550187,
      "CV_q75": 0.17311168589291662,
      "CV_q90": 0.30841065880520907,
      "CV_q95": 0.4359988260098734
    },
    "3": {
      "median_abs_epsilon": 0.19292789286765988,
      "mean_abs_epsilon": 0.3425949498224685,
      "variance_epsilon": 0.31977555631909793,
      "nr_prec": 35413,
      "CV_median": 0.09301452300431429,
      "CV_q75": 0.17508997127726092,
      "CV_q90": 0.3123340952780659,
      "CV_q95": 0.44111746258416773
    },
    "2": {
      "median_abs_epsilon": 0.19330972371502142,
      "mean_abs_epsilon": 0.3441358495053978,
      "variance_epsilon": 0.32284269482934086,
      "nr_prec": 35682,
      "CV_median": 0.09314147263748407,
      "CV_q75": 0.17548601575365044,
      "CV_q90": 0.31325158329590796,
      "CV_q95": 0.44247783595527557
    },
    "1": {
      "median_abs_epsilon": 0.19330972371502142,
      "mean_abs_epsilon": 0.34413584950539783,
      "variance_epsilon": 0.3228426948293409,
      "nr_prec": 35786,
      "CV_median": 0.09314147263748407,
      "CV_q75": 0.17548601575365044,
      "CV_q90": 0.31325158329590796,
      "CV_q95": 0.44247783595527557
    }
  },
  "median_abs_epsilon": 0.19159536557778978,
  "mean_abs_epsilon": 0.3390495198022809,
  "nr_prec": 34588,
  "comments": "",
  "proteobench_version": "0.8.29",
  "color": "#108E2E",
  "hover_text": "ProteoBench ID: i2MassChroQ_20250722_125020<br>Software tool: i2MassChroQ <br>Comment (private submission): ...",
  "scatter_size": 20,
  "fixed_mods": "C:57.021465",
  "variable_mods": "M:15.994915 [:42.0106 ^E:-18.010565 ^Q:-17.026548",
  "max_mods": "2",
  "min_precursor_charge": "2",
  "max_precursor_charge": "4",
  "quantification_method": "nan",
  "protein_inference": "nan",
  "abundance_normalization_ions": "nan",
  "submission_comments": "\n\n ### No parameter changes detected. \n\n\nDataset URL: https://proteobench.cubimed.rub.de/datasets/dfdeffca51b563001716963e771e9489e71f839c/"
}