{
  "old_new": "new",
  "id": "i2MassChroQ_20250611_051253",
  "software_name": "i2MassChroQ",
  "software_version": "1.2.5",
  "search_engine": "Sage",
  "search_engine_version": "0.15.0-beta.1",
  "ident_fdr_psm": 0.00613129767185,
  "ident_fdr_peptide": 0.00759629946533,
  "ident_fdr_protein": 0.00932878270762,
  "enable_match_between_runs": true,
  "precursor_mass_tolerance": "-10 10 ppm",
  "fragment_mass_tolerance": "-0.02 0.02 da",
  "enzyme": "KR|P,T",
  "allowed_miscleavages": 2,
  "min_peptide_length": 5,
  "max_peptide_length": 50,
  "is_temporary": false,
  "intermediate_hash": "dfdeffca51b563001716963e771e9489e71f839c",
  "results": {
    "6": {
      "median_abs_epsilon_global": 0.17743330296359971,
      "median_abs_epsilon_eq_species": 0.23833226334528668,
      "median_abs_epsilon_ECOLI": 0.3596621319181672,
      "median_abs_epsilon_HUMAN": 0.1706128010310337,
      "median_abs_epsilon_YEAST": 0.1847218570866591,
      "mean_abs_epsilon_global": 0.29521195850920856,
      "mean_abs_epsilon_eq_species": 0.41397459431436606,
      "mean_abs_epsilon_ECOLI": 0.6591880441936631,
      "mean_abs_epsilon_HUMAN": 0.2698119688560489,
      "mean_abs_epsilon_YEAST": 0.3129237698933861,
      "median_log2_empirical_ECOLI": -2.007146205160314,
      "median_log2_empirical_HUMAN": -0.10824628703208816,
      "median_log2_empirical_YEAST": 0.9338466598250399,
      "median_abs_epsilon_precision_global": 0.15767429448974113,
      "median_abs_epsilon_precision_eq_species": 0.23060998764554222,
      "median_abs_epsilon_precision_ECOLI": 0.3611509031338649,
      "median_abs_epsilon_precision_HUMAN": 0.14586788966468234,
      "median_abs_epsilon_precision_YEAST": 0.18481117013807946,
      "mean_log2_empirical_ECOLI": -1.6823503010829146,
      "mean_log2_empirical_HUMAN": -0.13252534277840974,
      "mean_log2_empirical_YEAST": 0.8785000961156989,
      "mean_abs_epsilon_precision_global": 0.28032580641991234,
      "mean_abs_epsilon_precision_eq_species": 0.4263569851241984,
      "mean_abs_epsilon_precision_ECOLI": 0.7211598573279248,
      "mean_abs_epsilon_precision_HUMAN": 0.24734299675173477,
      "mean_abs_epsilon_precision_YEAST": 0.3105681012929357,
      "CV_median": 0.08716207841568735,
      "CV_q75": 0.15891304681590027,
      "CV_q90": 0.2725646097078511,
      "CV_q95": 0.38113409665642206,
      "roc_auc": 0.9195479666805843,
      "roc_auc_directional": 0.9304437224408553,
      "nr_prec": 30779,
      "nr_prec_HUMAN": 23496,
      "nr_prec_YEAST": 5932,
      "nr_prec_ECOLI": 1351,
      "variance_epsilon_global": 0.222274503632878
    },
    "5": {
      "median_abs_epsilon_global": 0.18619929177759253,
      "median_abs_epsilon_eq_species": 0.25066462001243534,
      "median_abs_epsilon_ECOLI": 0.37662721946152544,
      "median_abs_epsilon_HUMAN": 0.17761946269071416,
      "median_abs_epsilon_YEAST": 0.19774717788506635,
      "mean_abs_epsilon_global": 0.32056611453114925,
      "mean_abs_epsilon_eq_species": 0.43504637176927313,
      "mean_abs_epsilon_ECOLI": 0.6718812346759943,
      "mean_abs_epsilon_HUMAN": 0.2930750034528269,
      "mean_abs_epsilon_YEAST": 0.34018287717899826,
      "median_log2_empirical_ECOLI": -2.01463800451873,
      "median_log2_empirical_HUMAN": -0.11076252124012065,
      "median_log2_empirical_YEAST": 0.9339840389596787,
      "median_abs_epsilon_precision_global": 0.16727501133276768,
      "median_abs_epsilon_precision_eq_species": 0.2435987504737529,
      "median_abs_epsilon_precision_ECOLI": 0.3789006449431298,
      "median_abs_epsilon_precision_HUMAN": 0.15361407787879067,
      "median_abs_epsilon_precision_YEAST": 0.19828152859933823,
      "mean_log2_empirical_ECOLI": -1.7128799692116337,
      "mean_log2_empirical_HUMAN": -0.1429267363500686,
      "mean_log2_empirical_YEAST": 0.874990254412909,
      "mean_abs_epsilon_precision_global": 0.3065409173869697,
      "mean_abs_epsilon_precision_eq_species": 0.44634947089081667,
      "mean_abs_epsilon_precision_ECOLI": 0.7290391959174145,
      "mean_abs_epsilon_precision_HUMAN": 0.27122585364339086,
      "mean_abs_epsilon_precision_YEAST": 0.3387833631116445,
      "CV_median": 0.09107430453785717,
      "CV_q75": 0.16956475381913877,
      "CV_q90": 0.30034009953530383,
      "CV_q95": 0.42486872073350934,
      "roc_auc": 0.9083310846072579,
      "roc_auc_directional": 0.9263937442050244,
      "nr_prec": 33238,
      "nr_prec_HUMAN": 25100,
      "nr_prec_YEAST": 6539,
      "nr_prec_ECOLI": 1599,
      "variance_epsilon_global": 0.2702800355451986
    },
    "4": {
      "median_abs_epsilon_global": 0.1916169249838937,
      "median_abs_epsilon_eq_species": 0.26454583332619624,
      "median_abs_epsilon_ECOLI": 0.4073907809662085,
      "median_abs_epsilon_HUMAN": 0.18199582539878634,
      "median_abs_epsilon_YEAST": 0.20425089361359383,
      "mean_abs_epsilon_global": 0.33874419424986324,
      "mean_abs_epsilon_eq_species": 0.4555055712329093,
      "mean_abs_epsilon_ECOLI": 0.7015326765822034,
      "mean_abs_epsilon_HUMAN": 0.30932806360123377,
      "mean_abs_epsilon_YEAST": 0.3556559735152906,
      "median_log2_empirical_ECOLI": -2.0190938732507515,
      "median_log2_empirical_HUMAN": -0.1126149051683214,
      "median_log2_empirical_YEAST": 0.9330073915253152,
      "median_abs_epsilon_precision_global": 0.17274521159444411,
      "median_abs_epsilon_precision_eq_species": 0.25436165975231734,
      "median_abs_epsilon_precision_ECOLI": 0.40136892679002045,
      "median_abs_epsilon_precision_HUMAN": 0.15739591273493048,
      "median_abs_epsilon_precision_YEAST": 0.20432013973200114,
      "mean_log2_empirical_ECOLI": -1.7184502365603256,
      "mean_log2_empirical_HUMAN": -0.1533304519695263,
      "mean_log2_empirical_YEAST": 0.8704300073058344,
      "mean_abs_epsilon_precision_global": 0.3254763443290478,
      "mean_abs_epsilon_precision_eq_species": 0.4662273348371824,
      "mean_abs_epsilon_precision_ECOLI": 0.7557218567905226,
      "mean_abs_epsilon_precision_HUMAN": 0.2881400808701891,
      "mean_abs_epsilon_precision_YEAST": 0.3548200668508357,
      "CV_median": 0.09241525213482628,
      "CV_q75": 0.17335369108300447,
      "CV_q90": 0.30849720974456474,
      "CV_q95": 0.43604691893263137,
      "roc_auc": 0.9016462951812984,
      "roc_auc_directional": 0.9212624522770403,
      "nr_prec": 34370,
      "nr_prec_HUMAN": 25791,
      "nr_prec_YEAST": 6805,
      "nr_prec_ECOLI": 1774,
      "variance_epsilon_global": 0.31204626141437886
    },
    "3": {
      "median_abs_epsilon_global": 0.1929643784615891,
      "median_abs_epsilon_eq_species": 0.2657644469888651,
      "median_abs_epsilon_ECOLI": 0.4091518419825473,
      "median_abs_epsilon_HUMAN": 0.18324214630233726,
      "median_abs_epsilon_YEAST": 0.20489935268171067,
      "mean_abs_epsilon_global": 0.34230695118945464,
      "mean_abs_epsilon_eq_species": 0.4589683439055919,
      "mean_abs_epsilon_ECOLI": 0.7055924474201074,
      "mean_abs_epsilon_HUMAN": 0.31313907938662383,
      "mean_abs_epsilon_YEAST": 0.35817350491004446,
      "median_log2_empirical_ECOLI": -2.01592376984528,
      "median_log2_empirical_HUMAN": -0.11257227944021864,
      "median_log2_empirical_YEAST": 0.9330157148251619,
      "median_abs_epsilon_precision_global": 0.17399370647101975,
      "median_abs_epsilon_precision_eq_species": 0.25653130462089696,
      "median_abs_epsilon_precision_ECOLI": 0.40501524260607447,
      "median_abs_epsilon_precision_HUMAN": 0.1588425030545828,
      "median_abs_epsilon_precision_YEAST": 0.20573616820203355,
      "mean_log2_empirical_ECOLI": -1.7173699718313817,
      "mean_log2_empirical_HUMAN": -0.15271537058966958,
      "mean_log2_empirical_YEAST": 0.8703831824382301,
      "mean_abs_epsilon_precision_global": 0.32904449769945854,
      "mean_abs_epsilon_precision_eq_species": 0.4695396874037028,
      "mean_abs_epsilon_precision_ECOLI": 0.7592644089548903,
      "mean_abs_epsilon_precision_HUMAN": 0.29199156699916157,