{
  "old_new": "new",
  "id": "MaxQuant_20250610_093708",
  "software_name": "MaxQuant",
  "software_version": "2.6.7.0",
  "search_engine": "Andromeda",
  "search_engine_version": "nan",
  "ident_fdr_psm": "0.01",
  "ident_fdr_peptide": null,
  "ident_fdr_protein": "0.01",
  "enable_match_between_runs": true,
  "precursor_mass_tolerance": "[-4.5 ppm, 4.5 ppm]",
  "fragment_mass_tolerance": "[-20 ppm, 20 ppm]",
  "enzyme": "Trypsin/P",
  "allowed_miscleavages": "2",
  "min_peptide_length": "7",
  "max_peptide_length": null,
  "is_temporary": false,
  "intermediate_hash": "e5a709af0d04b71d0572029df66753a06195a0f6",
  "results": {
    "6": {
      "median_abs_epsilon": 0.1516295382614814,
      "mean_abs_epsilon": 0.22649641159988482,
      "variance_epsilon": 0.1260222577483742,
      "nr_prec": 11438,
      "CV_median": 0.08511563752030007,
      "CV_q90": 0.187804387734413,
      "CV_q75": 0.1319668130843586,
      "CV_q95": 0.22807218526624878
    },
    "5": {
      "median_abs_epsilon": 0.15556896997689762,
      "mean_abs_epsilon": 0.2340100059013365,
      "variance_epsilon": 0.1346878645133953,
      "nr_prec": 14176,
      "CV_median": 0.08754388284920805,
      "CV_q90": 0.20019565518316088,
      "CV_q75": 0.1373451654178017,
      "CV_q95": 0.24511652114738228
    },
    "4": {
      "median_abs_epsilon": 0.15853663827792985,
      "mean_abs_epsilon": 0.23952922849991112,
      "variance_epsilon": 0.14056808303850882,
      "nr_prec": 15382,
      "CV_median": 0.08816338743062989,
      "CV_q90": 0.2043296763527207,
      "CV_q75": 0.1391943614096776,
      "CV_q95": 0.25229399224983123
    },
    "3": {
      "median_abs_epsilon": 0.1595914789574735,
      "mean_abs_epsilon": 0.24210054348619067,
      "variance_epsilon": 0.14358621608678193,
      "nr_prec": 20563,
      "CV_median": 0.09142572871180554,
      "CV_q90": 0.21069697495034473,
      "CV_q75": 0.1444573191244516,
      "CV_q95": 0.2601828987295729
    },
    "2": {
      "median_abs_epsilon": 0.16025466015980427,
      "mean_abs_epsilon": 0.24277781713392046,
      "variance_epsilon": 0.14393370732467745,
      "nr_prec": 22870,
      "CV_median": 0.09213008884811599,
      "CV_q90": 0.2147623336901362,
      "CV_q75": 0.14651012695517865,
      "CV_q95": 0.26751990447353746
    },
    "1": {
      "median_abs_epsilon": 0.16025466015980427,
      "mean_abs_epsilon": 0.24277781713392046,
      "variance_epsilon": 0.14393370732467745,
      "nr_prec": 24198,
      "CV_median": 0.09213008884811599,
      "CV_q90": 0.2147623336901362,
      "CV_q75": 0.14651012695517865,
      "CV_q95": 0.26751990447353746
    }
  },
  "median_abs_epsilon": 0.1595914789574735,
  "mean_abs_epsilon": 0.24210054348619067,
  "nr_prec": 20563,
  "comments": "",
  "proteobench_version": "0.8.22",
  "color": "#377eb8",
  "hover_text": "ProteoBench ID: MaxQuant_20250610_093708<br>Software tool: MaxQuant <br>Comment (private submission): ...",
  "scatter_size": 20,
  "fixed_mods": "Carbamidomethyl (C)",
  "variable_mods": "Oxidation (M),Acetyl (Protein N-term)",
  "max_mods": "5",
  "min_precursor_charge": null,
  "max_precursor_charge": "7",
  "quantification_method": "nan",
  "protein_inference": "nan",
  "abundance_normalization_ions": "nan",
  "submission_comments": "MBR only within A and B via fractions (1, 11)\nLFQ normalization off\n\n ### No parameter changes detected. \n\n\nDataset URL: https://proteobench.cubimed.rub.de/datasets/e5a709af0d04b71d0572029df66753a06195a0f6/"
}