{
  "old_new": "new",
  "id": "MaxQuant_20250610_093708",
  "software_name": "MaxQuant",
  "software_version": "2.6.7.0",
  "search_engine": "Andromeda",
  "search_engine_version": NaN,
  "ident_fdr_psm": 0.01,
  "ident_fdr_peptide": NaN,
  "ident_fdr_protein": 0.01,
  "enable_match_between_runs": true,
  "precursor_mass_tolerance": "[-4.5 ppm, 4.5 ppm]",
  "fragment_mass_tolerance": "[-20 ppm, 20 ppm]",
  "enzyme": "Trypsin/P",
  "allowed_miscleavages": 2,
  "min_peptide_length": 7,
  "max_peptide_length": NaN,
  "is_temporary": false,
  "intermediate_hash": "e5a709af0d04b71d0572029df66753a06195a0f6",
  "results": {
    "6": {
      "median_abs_epsilon_global": 0.15204580063374884,
      "median_abs_epsilon_eq_species": 0.1468472559665308,
      "median_abs_epsilon_ECOLI": 0.13753391647007618,
      "median_abs_epsilon_HUMAN": 0.15342627734190373,
      "median_abs_epsilon_YEAST": 0.14958157408761252,
      "mean_abs_epsilon_global": 0.22515297097378026,
      "mean_abs_epsilon_eq_species": 0.23017949732028906,
      "mean_abs_epsilon_ECOLI": 0.2417551426153752,
      "mean_abs_epsilon_HUMAN": 0.22504969648102313,
      "mean_abs_epsilon_YEAST": 0.2237336528644688,
      "median_log2_empirical_ECOLI": -1.8784383246254386,
      "median_log2_empirical_HUMAN": 3.7402715650003415e-05,
      "median_log2_empirical_YEAST": 0.9641838499379141,
      "median_abs_epsilon_precision_global": 0.15229591187111602,
      "median_abs_epsilon_precision_eq_species": 0.14139598855699376,
      "median_abs_epsilon_precision_ECOLI": 0.11798632412407173,
      "median_abs_epsilon_precision_HUMAN": 0.15341705684733498,
      "median_abs_epsilon_precision_YEAST": 0.15278458469957457,
      "mean_log2_empirical_ECOLI": -1.8159139171753376,
      "mean_log2_empirical_HUMAN": -0.05684126004305755,
      "mean_log2_empirical_YEAST": 0.9064155366093514,
      "mean_abs_epsilon_precision_global": 0.22996076932780732,
      "mean_abs_epsilon_precision_eq_species": 0.2271966826721794,
      "mean_abs_epsilon_precision_ECOLI": 0.22364366815310546,
      "mean_abs_epsilon_precision_HUMAN": 0.23077632007909732,
      "mean_abs_epsilon_precision_YEAST": 0.2271700597843355,
      "CV_median": 0.08577835443446413,
      "CV_q75": 0.13267629046095347,
      "CV_q90": 0.18865155948778148,
      "CV_q95": 0.2289017524332539,
      "variance_epsilon_global": 0.12329959275987987,
      "nr_feature": 11222,
      "roc_auc": 0.951374381154453
    },
    "5": {
      "median_abs_epsilon_global": 0.15577505451184948,
      "median_abs_epsilon_eq_species": 0.15593274952565217,
      "median_abs_epsilon_ECOLI": 0.15671007232351641,
      "median_abs_epsilon_HUMAN": 0.15584045575115013,
      "median_abs_epsilon_YEAST": 0.15524772050228997,
      "mean_abs_epsilon_global": 0.23275161102693717,
      "mean_abs_epsilon_eq_species": 0.24512317839343675,
      "mean_abs_epsilon_ECOLI": 0.27049556793316487,
      "mean_abs_epsilon_HUMAN": 0.23157376999939844,
      "mean_abs_epsilon_YEAST": 0.23330019724774684,
      "median_log2_empirical_ECOLI": -1.871145807095905,
      "median_log2_empirical_HUMAN": 0.00267706009680424,
      "median_log2_empirical_YEAST": 0.9655824653214751,
      "median_abs_epsilon_precision_global": 0.15482424703240127,
      "median_abs_epsilon_precision_eq_species": 0.1486356522698736,
      "median_abs_epsilon_precision_ECOLI": 0.1329230933858252,
      "median_abs_epsilon_precision_HUMAN": 0.15475717193043437,
      "median_abs_epsilon_precision_YEAST": 0.15822669149336122,
      "mean_log2_empirical_ECOLI": -1.8066124009991917,
      "mean_log2_empirical_HUMAN": -0.049207640780947005,
      "mean_log2_empirical_YEAST": 0.9095857919086855,
      "mean_abs_epsilon_precision_global": 0.23649319421811932,
      "mean_abs_epsilon_precision_eq_species": 0.24022800191473379,
      "mean_abs_epsilon_precision_ECOLI": 0.24825541330788134,
      "mean_abs_epsilon_precision_HUMAN": 0.23623534518366174,
      "mean_abs_epsilon_precision_YEAST": 0.23619324725265825,
      "CV_median": 0.08799514218339037,
      "CV_q75": 0.13785198120705833,
      "CV_q90": 0.2011400743486551,
      "CV_q95": 0.2458388671870558,
      "variance_epsilon_global": 0.1315991958939955,
      "nr_feature": 13939,
      "roc_auc": 0.9490333422324776
    },
    "4": {
      "median_abs_epsilon_global": 0.15876988643904255,
      "median_abs_epsilon_eq_species": 0.15900538137191056,
      "median_abs_epsilon_ECOLI": 0.15768917767092638,
      "median_abs_epsilon_HUMAN": 0.1585948038320737,
      "median_abs_epsilon_YEAST": 0.1607321626127316,
      "mean_abs_epsilon_global": 0.23858005435844845,
      "mean_abs_epsilon_eq_species": 0.252702888481191,
      "mean_abs_epsilon_ECOLI": 0.2795921196934885,
      "mean_abs_epsilon_HUMAN": 0.23667250839127374,
      "mean_abs_epsilon_YEAST": 0.24184403735881074,
      "median_log2_empirical_ECOLI": -1.8702843256448407,
      "median_log2_empirical_HUMAN": 0.0018076366338721783,
      "median_log2_empirical_YEAST": 0.9594616428843512,
      "median_abs_epsilon_precision_global": 0.15850109772491194,
      "median_abs_epsilon_precision_eq_species": 0.15096356677808664,
      "median_abs_epsilon_precision_ECOLI": 0.13261304190928058,
      "median_abs_epsilon_precision_HUMAN": 0.15810515638800204,
      "median_abs_epsilon_precision_YEAST": 0.1621725020369773,
      "mean_log2_empirical_ECOLI": -1.7961527610244028,
      "mean_log2_empirical_HUMAN": -0.04914511628344596,
      "mean_log2_empirical_YEAST": 0.8991635978007448,
      "mean_abs_epsilon_precision_global": 0.24216029347451085,
      "mean_abs_epsilon_precision_eq_species": 0.2480955444171138,
      "mean_abs_epsilon_precision_ECOLI": 0.25856647784659464,
      "mean_abs_epsilon_precision_HUMAN": 0.24114199384530868,
      "mean_abs_epsilon_precision_YEAST": 0.24457816155943798,
      "CV_median": 0.08868612841078105,
      "CV_q75": 0.13982694122669567,
      "CV_q90": 0.20490665514325884,
      "CV_q95": 0.25289919872419714,
      "variance_epsilon_global": 0.1380375682504261,
      "nr_feature": 15138,
      "roc_auc": 0.9460913144940849
    },
    "3": {
      "median_abs_epsilon_global": 0.1599508013122808,
      "median_abs_epsilon_eq_species": 0.15998844622865072,
      "median_abs_epsilon_ECOLI": 0.1579952417997852,
      "median_abs_epsilon_HUMAN": 0.15988076748550917,
      "median_abs_epsilon_YEAST": 0.1620893294006578,
      "mean_abs_epsilon_global": 0.2412210530771763,
      "mean_abs_epsilon_eq_species": 0.25570680211697255,
      "mean_abs_epsilon_ECOLI": 0.2823142399823778,
      "mean_abs_epsilon_HUMAN": 0.23905374422441772,
      "mean_abs_epsilon_YEAST": 0.24575242214412205,
      "median_log2_empirical_ECOLI": -1.8697909190546156,
      "median_log2_empirical_HUMAN": 0.000525718905452166,
      "median_log2_empirical_YEAST": 0.9578973675345885,
      "median_abs_epsilon_precision_global": 0.15992491075422244,
      "median_abs_epsilon_precision_eq_species": 0.15234550281990997,
      "median_abs_epsilon_precision_ECOLI": 0.13386057823588615,
      "median_abs_epsilon_precision_HUMAN": 0.15976407178763097,
      "median_abs_epsilon_precision_YEAST": 0.16341185843621275,
      "mean_log2_empirical_ECOLI": -1.793195264902677,
      "mean_log2_empirical_HUMAN": -0.04787207250089731,
      "mean_log2_empirical_YEAST": 0.8976463153447537,
      "mean_abs_epsilon_precision_global": 0.24446947526783402,
      "mean_abs_epsilon_precision_eq_species": 0.25100896838530046,
      "mean_abs_epsilon_precision_ECOLI": 0.2616052491383092,
      "mean_abs_epsilon_precision_HUMAN": 0.24312605185144817,
      "mean_abs_epsilon_precision_YEAST": 0.24829560416614405,
      "CV_median": 0.09195080958933835,
      "CV_q75": 0.14502674178414138,
      "CV_q90": 0.2115199245008233,
      "CV_q95": 0.2615247213175167,
      "variance_epsilon_global": 0.14119679746447514,
      "nr_feature": 20283,
      "roc_auc": 0.9451344613505013
    },
    "2": {
      "median_abs_epsilon_global": 0.16071536631943317,