{
  "old_new": "new",
  "id": "MaxQuant_20250610_093708",
  "software_name": "MaxQuant",
  "software_version": "2.6.7.0",
  "search_engine": "Andromeda",
  "search_engine_version": NaN,
  "ident_fdr_psm": 0.01,
  "ident_fdr_peptide": null,
  "ident_fdr_protein": 0.01,
  "enable_match_between_runs": true,
  "precursor_mass_tolerance": "[-4.5 ppm, 4.5 ppm]",
  "fragment_mass_tolerance": "[-20 ppm, 20 ppm]",
  "enzyme": "Trypsin/P",
  "allowed_miscleavages": 2,
  "min_peptide_length": 7,
  "max_peptide_length": null,
  "is_temporary": false,
  "intermediate_hash": "e5a709af0d04b71d0572029df66753a06195a0f6",
  "results": {
    "6": {
      "median_abs_epsilon_global": 0.15200836023564435,
      "median_abs_epsilon_eq_species": 0.14669549389346356,
      "median_abs_epsilon_ECOLI": 0.13708209165881335,
      "median_abs_epsilon_HUMAN": 0.15342281593396478,
      "median_abs_epsilon_YEAST": 0.14958157408761252,
      "mean_abs_epsilon_global": 0.22475099616994293,
      "mean_abs_epsilon_eq_species": 0.2258595441041217,
      "mean_abs_epsilon_ECOLI": 0.22892774750297715,
      "mean_abs_epsilon_HUMAN": 0.22486762505734692,
      "mean_abs_epsilon_YEAST": 0.22378325975204108,
      "median_log2_empirical_ECOLI": -1.8795643053432585,
      "median_log2_empirical_HUMAN": -3.0027518107544893e-06,
      "median_log2_empirical_YEAST": 0.9641838499379141,
      "median_abs_epsilon_precision_global": 0.15227043661952777,
      "median_abs_epsilon_precision_eq_species": 0.14080202109169213,
      "median_abs_epsilon_precision_ECOLI": 0.11620166539334775,
      "median_abs_epsilon_precision_HUMAN": 0.15341981318215403,
      "median_abs_epsilon_precision_YEAST": 0.15278458469957457,
      "mean_log2_empirical_ECOLI": -1.8289898858213163,
      "mean_log2_empirical_HUMAN": -0.05711215247376151,
      "mean_log2_empirical_YEAST": 0.9064913747236816,
      "mean_abs_epsilon_precision_global": 0.22952997639736322,
      "mean_abs_epsilon_precision_eq_species": 0.22189682052288098,
      "mean_abs_epsilon_precision_ECOLI": 0.2078404277259625,
      "mean_abs_epsilon_precision_HUMAN": 0.2306336575675799,
      "mean_abs_epsilon_precision_YEAST": 0.22721637627510055,
      "CV_median": 0.0857533825920968,
      "CV_q75": 0.1325936725883845,
      "CV_q90": 0.18844533669143815,
      "CV_q95": 0.22845162800274044,
      "roc_auc": 0.9514971077546934,
      "roc_auc_directional": 0.9787586860693613,
      "nr_prec": 11216,
      "nr_prec_HUMAN": 8909,
      "nr_prec_YEAST": 2075,
      "nr_prec_ECOLI": 232,
      "variance_epsilon_global": 0.12214656416339777
    },
    "5": {
      "median_abs_epsilon_global": 0.15574050163079356,
      "median_abs_epsilon_eq_species": 0.15568928516702427,
      "median_abs_epsilon_ECOLI": 0.15603703110496525,
      "median_abs_epsilon_HUMAN": 0.15578310389381755,
      "median_abs_epsilon_YEAST": 0.15524772050228997,
      "mean_abs_epsilon_global": 0.23236908178164395,
      "mean_abs_epsilon_eq_species": 0.24186459192370788,
      "mean_abs_epsilon_ECOLI": 0.2608955182890002,
      "mean_abs_epsilon_HUMAN": 0.23135045205166246,
      "mean_abs_epsilon_YEAST": 0.23334780543046094,
      "median_log2_empirical_ECOLI": -1.8715138819567443,
      "median_log2_empirical_HUMAN": 0.00267706009680424,
      "median_log2_empirical_YEAST": 0.9655824653214751,
      "median_abs_epsilon_precision_global": 0.1547843759017482,
      "median_abs_epsilon_precision_eq_species": 0.14854033057412508,
      "median_abs_epsilon_precision_ECOLI": 0.13269091754530749,
      "median_abs_epsilon_precision_HUMAN": 0.15470338268370654,
      "median_abs_epsilon_precision_YEAST": 0.15822669149336122,
      "mean_log2_empirical_ECOLI": -1.8164636166659376,
      "mean_log2_empirical_HUMAN": -0.04932883198890334,
      "mean_log2_empirical_YEAST": 0.9096496392557344,
      "mean_abs_epsilon_precision_global": 0.23608125727325074,
      "mean_abs_epsilon_precision_eq_species": 0.2362852110388698,
      "mean_abs_epsilon_precision_ECOLI": 0.23658592430534947,
      "mean_abs_epsilon_precision_HUMAN": 0.23603067720102583,
      "mean_abs_epsilon_precision_YEAST": 0.23623903161023405,
      "CV_median": 0.08797223835633414,
      "CV_q75": 0.1377625363375505,
      "CV_q90": 0.20085243293872082,
      "CV_q95": 0.24550303010042968,
      "roc_auc": 0.9491844897604182,
      "roc_auc_directional": 0.9770096160063202,
      "nr_prec": 13932,
      "nr_prec_HUMAN": 11061,
      "nr_prec_YEAST": 2564,
      "nr_prec_ECOLI": 307,
      "variance_epsilon_global": 0.1306109087635999
    },
    "4": {
      "median_abs_epsilon_global": 0.15874208790313027,
      "median_abs_epsilon_eq_species": 0.15889537693531017,
      "median_abs_epsilon_ECOLI": 0.15738311354206758,
      "median_abs_epsilon_HUMAN": 0.1585708546511313,
      "median_abs_epsilon_YEAST": 0.1607321626127316,
      "mean_abs_epsilon_global": 0.23814325471125652,
      "mean_abs_epsilon_eq_species": 0.24959696753301183,
      "mean_abs_epsilon_ECOLI": 0.2709251029117828,
      "mean_abs_epsilon_HUMAN": 0.236475107499984,
      "mean_abs_epsilon_YEAST": 0.24139069218726875,
      "median_log2_empirical_ECOLI": -1.8707777322350658,
      "median_log2_empirical_HUMAN": 0.0017772935235385035,
      "median_log2_empirical_YEAST": 0.9594616428843512,
      "median_abs_epsilon_precision_global": 0.15846460937949303,
      "median_abs_epsilon_precision_eq_species": 0.15091229876431575,
      "median_abs_epsilon_precision_ECOLI": 0.1324462310445398,
      "median_abs_epsilon_precision_HUMAN": 0.15811816321143013,
      "median_abs_epsilon_precision_YEAST": 0.1621725020369773,
      "mean_log2_empirical_ECOLI": -1.8050432140324146,
      "mean_log2_empirical_HUMAN": -0.049274055584805514,
      "mean_log2_empirical_YEAST": 0.8997387077936199,
      "mean_abs_epsilon_precision_global": 0.24167512234403418,
      "mean_abs_epsilon_precision_eq_species": 0.24429148969058612,
      "mean_abs_epsilon_precision_ECOLI": 0.24788483587754678,
      "mean_abs_epsilon_precision_HUMAN": 0.24096051796704687,
      "mean_abs_epsilon_precision_YEAST": 0.24402911522716464,
      "CV_median": 0.08864425380399613,
      "CV_q75": 0.13973285552952502,
      "CV_q90": 0.2046004517267687,
      "CV_q95": 0.2524634932492761,
      "roc_auc": 0.9462117116617825,
      "roc_auc_directional": 0.9744069868914798,
      "nr_prec": 15128,
      "nr_prec_HUMAN": 12031,
      "nr_prec_YEAST": 2758,
      "nr_prec_ECOLI": 339,
      "variance_epsilon_global": 0.1369596452376811
    },
    "3": {
      "median_abs_epsilon_global": 0.15991513859115436,
      "median_abs_epsilon_eq_species": 0.15985851572736287,
      "median_abs_epsilon_ECOLI": 0.15768917767092638,
      "median_abs_epsilon_HUMAN": 0.15979704011050444,
      "median_abs_epsilon_YEAST": 0.1620893294006578,
      "mean_abs_epsilon_global": 0.24079954064759185,
      "mean_abs_epsilon_eq_species": 0.25265335367019215,
      "mean_abs_epsilon_ECOLI": 0.2737811104221762,
      "mean_abs_epsilon_HUMAN": 0.23886389735818955,
      "mean_abs_epsilon_YEAST": 0.24531505323021077,
      "median_log2_empirical_ECOLI": -1.870284325644839,
      "median_log2_empirical_HUMAN": 0.0004586738956113834,
      "median_log2_empirical_YEAST": 0.9578973675345885,
      "median_abs_epsilon_precision_global": 0.15989596002546058,
      "median_abs_epsilon_precision_eq_species": 0.1522030550375947,
      "median_abs_epsilon_precision_ECOLI": 0.13343005574598976,
      "median_abs_epsilon_precision_HUMAN": 0.15976725093058164,
      "median_abs_epsilon_precision_YEAST": 0.16341185843621275,
      "mean_log2_empirical_ECOLI": -1.8019478988375444,
      "mean_log2_empirical_HUMAN": -0.047996191044782914,
      "mean_log2_empirical_YEAST": 0.8982060334568774,
      "mean_abs_epsilon_precision_global": 0.24400129208778967,
      "mean_abs_epsilon_precision_eq_species": 0.24727866195134376,
      "mean_abs_epsilon_precision_ECOLI": 0.2511194414995878,
      "mean_abs_epsilon_precision_HUMAN": 0.24295077743872562,