{
  "old_new": "new",
  "id": "Sage_20250624_132250",
  "software_name": "Sage",
  "software_version": "0.14.6",
  "search_engine": "Sage",
  "search_engine_version": "0.14.6",
  "ident_fdr_psm": NaN,
  "ident_fdr_peptide": NaN,
  "ident_fdr_protein": NaN,
  "enable_match_between_runs": true,
  "precursor_mass_tolerance": "[-20.0 ppm, 20.0 ppm]",
  "fragment_mass_tolerance": "[-20.0 ppm, 20.0 ppm]",
  "enzyme": "KR",
  "allowed_miscleavages": 2,
  "min_peptide_length": 7,
  "max_peptide_length": 30,
  "is_temporary": false,
  "intermediate_hash": "fc1bf3c26e8323b1e724c1b6756b3f1a80941ab9",
  "results": {
    "6": {
      "median_abs_epsilon_global": 0.16465500622409124,
      "median_abs_epsilon_eq_species": 0.2222879531713057,
      "median_abs_epsilon_ECOLI": 0.32766134484141674,
      "median_abs_epsilon_HUMAN": 0.15357338945125676,
      "median_abs_epsilon_YEAST": 0.18562912522124364,
      "mean_abs_epsilon_global": 0.33999231792423795,
      "mean_abs_epsilon_eq_species": 0.43087686671359265,
      "mean_abs_epsilon_ECOLI": 0.6451712182978886,
      "mean_abs_epsilon_HUMAN": 0.3206577748220345,
      "mean_abs_epsilon_YEAST": 0.3268016070208549,
      "median_log2_empirical_ECOLI": -1.9507670341146266,
      "median_log2_empirical_HUMAN": 0.006696824422515846,
      "median_log2_empirical_YEAST": 1.0435938758702932,
      "median_abs_epsilon_precision_global": 0.16095032179586788,
      "median_abs_epsilon_precision_eq_species": 0.22107292439041556,
      "median_abs_epsilon_precision_ECOLI": 0.33369492899723596,
      "median_abs_epsilon_precision_HUMAN": 0.15123850280357942,
      "median_abs_epsilon_precision_YEAST": 0.17828534137043128,
      "mean_log2_empirical_ECOLI": -1.7909130616660334,
      "mean_log2_empirical_HUMAN": -0.13113781778950345,
      "mean_log2_empirical_YEAST": 0.9517595204357862,
      "mean_abs_epsilon_precision_global": 0.3637794966496142,
      "mean_abs_epsilon_precision_eq_species": 0.4503445845743934,
      "mean_abs_epsilon_precision_ECOLI": 0.6664196852248978,
      "mean_abs_epsilon_precision_HUMAN": 0.34858401524433,
      "mean_abs_epsilon_precision_YEAST": 0.33603005325395235,
      "CV_median": 0.06969103934109569,
      "CV_q75": 0.12205825387302956,
      "CV_q90": 0.21211391851032174,
      "CV_q95": 0.30742138122485363,
      "roc_auc": 0.9137734982139807,
      "roc_auc_directional": 0.9303839092815094,
      "nr_prec": 30072,
      "nr_prec_HUMAN": 22337,
      "nr_prec_YEAST": 6058,
      "nr_prec_ECOLI": 1677,
      "variance_epsilon_global": 0.4278090501083078
    },
    "5": {
      "median_abs_epsilon_global": 0.16599361208390917,
      "median_abs_epsilon_eq_species": 0.22592559679999744,
      "median_abs_epsilon_ECOLI": 0.33681496211095485,
      "median_abs_epsilon_HUMAN": 0.15429430819943413,
      "median_abs_epsilon_YEAST": 0.1866675200896033,
      "mean_abs_epsilon_global": 0.34936863397847856,
      "mean_abs_epsilon_eq_species": 0.4426704362089005,
      "mean_abs_epsilon_ECOLI": 0.6659903653983916,
      "mean_abs_epsilon_HUMAN": 0.3299811258407875,
      "mean_abs_epsilon_YEAST": 0.3320398173875224,
      "median_log2_empirical_ECOLI": -1.9528811683924303,
      "median_log2_empirical_HUMAN": 0.006418856842948628,
      "median_log2_empirical_YEAST": 1.0436998020457189,
      "median_abs_epsilon_precision_global": 0.16189281614421347,
      "median_abs_epsilon_precision_eq_species": 0.22341488760048853,
      "median_abs_epsilon_precision_ECOLI": 0.3392219639210641,
      "median_abs_epsilon_precision_HUMAN": 0.15216062999357938,
      "median_abs_epsilon_precision_YEAST": 0.1788620688868221,
      "mean_log2_empirical_ECOLI": -1.791926066988405,
      "mean_log2_empirical_HUMAN": -0.13548338245780167,
      "mean_log2_empirical_YEAST": 0.950144668739053,
      "mean_abs_epsilon_precision_global": 0.3742465676289225,
      "mean_abs_epsilon_precision_eq_species": 0.4628660470908728,
      "mean_abs_epsilon_precision_ECOLI": 0.6876873389343521,
      "mean_abs_epsilon_precision_HUMAN": 0.359236064924237,
      "mean_abs_epsilon_precision_YEAST": 0.3416747374140293,
      "CV_median": 0.069941675753124,
      "CV_q75": 0.12289527767771488,
      "CV_q90": 0.21498982551283766,
      "CV_q95": 0.3150435764064242,
      "roc_auc": 0.9116175963183808,
      "roc_auc_directional": 0.9274559452395776,
      "nr_prec": 30213,
      "nr_prec_HUMAN": 22424,
      "nr_prec_YEAST": 6083,
      "nr_prec_ECOLI": 1706,
      "variance_epsilon_global": 0.46778183137940377
    },
    "4": {
      "median_abs_epsilon_global": 0.16641388641783195,
      "median_abs_epsilon_eq_species": 0.22653090501859255,
      "median_abs_epsilon_ECOLI": 0.33803011289180773,
      "median_abs_epsilon_HUMAN": 0.15464960901364755,
      "median_abs_epsilon_YEAST": 0.1869129931503224,
      "mean_abs_epsilon_global": 0.3542183602685717,
      "mean_abs_epsilon_eq_species": 0.4469935792026321,
      "mean_abs_epsilon_ECOLI": 0.6681238237319874,
      "mean_abs_epsilon_HUMAN": 0.3346171382022905,
      "mean_abs_epsilon_YEAST": 0.33823977567361846,
      "median_log2_empirical_ECOLI": -1.9534613518080803,
      "median_log2_empirical_HUMAN": 0.006239914536005031,
      "median_log2_empirical_YEAST": 1.0437234357806489,
      "median_abs_epsilon_precision_global": 0.16227075879961284,
      "median_abs_epsilon_precision_eq_species": 0.22416147261114597,
      "median_abs_epsilon_precision_ECOLI": 0.34057327695179396,
      "median_abs_epsilon_precision_HUMAN": 0.1525546436015759,
      "median_abs_epsilon_precision_YEAST": 0.17935649728006808,
      "mean_log2_empirical_ECOLI": -1.7942304019731594,
      "mean_log2_empirical_HUMAN": -0.1390166991723074,
      "mean_log2_empirical_YEAST": 0.9520752496223094,
      "mean_abs_epsilon_precision_global": 0.379810550568667,
      "mean_abs_epsilon_precision_eq_species": 0.46718172412826203,
      "mean_abs_epsilon_precision_ECOLI": 0.6891429923930644,
      "mean_abs_epsilon_precision_HUMAN": 0.3650253213032521,
      "mean_abs_epsilon_precision_YEAST": 0.3473768586884696,
      "CV_median": 0.07003350003742125,
      "CV_q75": 0.12316235218292904,
      "CV_q90": 0.21607737772092578,
      "CV_q95": 0.31778299819622624,
      "roc_auc": 0.9106053802629277,
      "roc_auc_directional": 0.9268026873240802,
      "nr_prec": 30273,
      "nr_prec_HUMAN": 22462,
      "nr_prec_YEAST": 6098,
      "nr_prec_ECOLI": 1713,
      "variance_epsilon_global": 0.494256538357807
    },
    "3": {
      "median_abs_epsilon_global": 0.1666054047540655,
      "median_abs_epsilon_eq_species": 0.2267084594154607,
      "median_abs_epsilon_ECOLI": 0.3383096398865,
      "median_abs_epsilon_HUMAN": 0.1547687823515531,
      "median_abs_epsilon_YEAST": 0.187046956008329,
      "mean_abs_epsilon_global": 0.3559918510692983,
      "mean_abs_epsilon_eq_species": 0.4484390359672175,
      "mean_abs_epsilon_ECOLI": 0.6686422392066415,
      "mean_abs_epsilon_HUMAN": 0.3364284916703944,
      "mean_abs_epsilon_YEAST": 0.34024637702461674,
      "median_log2_empirical_ECOLI": -1.9528811683924303,
      "median_log2_empirical_HUMAN": 0.006239566740102731,
      "median_log2_empirical_YEAST": 1.0436828985629045,
      "median_abs_epsilon_precision_global": 0.16241467874135118,
      "median_abs_epsilon_precision_eq_species": 0.22405862123372997,
      "median_abs_epsilon_precision_ECOLI": 0.3400543876386184,
      "median_abs_epsilon_precision_HUMAN": 0.15263344613154217,
      "median_abs_epsilon_precision_YEAST": 0.1794880299310293,
      "mean_log2_empirical_ECOLI": -1.7934422349082457,
      "mean_log2_empirical_HUMAN": -0.13903310075172642,
      "mean_log2_empirical_YEAST": 0.9502834348385221,
      "mean_abs_epsilon_precision_global": 0.3816744336292803,
      "mean_abs_epsilon_precision_eq_species": 0.46879930693906685,
      "mean_abs_epsilon_precision_ECOLI": 0.6897544143409507,
      "mean_abs_epsilon_precision_HUMAN": 0.36683512869942225,