{
  "old_new": "new",
  "id": "Sage_20250624_132250",
  "software_name": "Sage",
  "software_version": "0.14.6",
  "search_engine": "Sage",
  "search_engine_version": "0.14.6",
  "ident_fdr_psm": NaN,
  "ident_fdr_peptide": NaN,
  "ident_fdr_protein": NaN,
  "enable_match_between_runs": true,
  "precursor_mass_tolerance": "[-20.0 ppm, 20.0 ppm]",
  "fragment_mass_tolerance": "[-20.0 ppm, 20.0 ppm]",
  "enzyme": "KR",
  "allowed_miscleavages": "2",
  "min_peptide_length": "7",
  "max_peptide_length": "30",
  "is_temporary": false,
  "intermediate_hash": "fc1bf3c26e8323b1e724c1b6756b3f1a80941ab9",
  "results": {
    "6": {
      "median_abs_epsilon": 0.164704267107723,
      "mean_abs_epsilon": 0.3414016922165198,
      "variance_epsilon": 0.4351394449212949,
      "nr_prec": 30397,
      "CV_median": 0.0694581076237985,
      "CV_q90": 0.21148353948306023,
      "CV_q75": 0.12166969294220684,
      "CV_q95": 0.3067626990264389
    },
    "5": {
      "median_abs_epsilon": 0.16605870722379734,
      "mean_abs_epsilon": 0.350749191453493,
      "variance_epsilon": 0.4748833893239079,
      "nr_prec": 30539,
      "CV_median": 0.06972401417000232,
      "CV_q90": 0.21435680828014922,
      "CV_q75": 0.12248535135736442,
      "CV_q95": 0.3145001139461959
    },
    "4": {
      "median_abs_epsilon": 0.166493710596205,
      "mean_abs_epsilon": 0.356029679057802,
      "variance_epsilon": 0.5084856748110786,
      "nr_prec": 30600,
      "CV_median": 0.06980331690807072,
      "CV_q90": 0.2154129775683619,
      "CV_q75": 0.12274928785178121,
      "CV_q95": 0.31707586385198594
    },
    "3": {
      "median_abs_epsilon": 0.16666048211815543,
      "mean_abs_epsilon": 0.3577828131728318,
      "variance_epsilon": 0.5172078409192183,
      "nr_prec": 30646,
      "CV_median": 0.06985128650171044,
      "CV_q90": 0.21612141689441292,
      "CV_q75": 0.12293529270112208,
      "CV_q95": 0.3191034053510611
    },
    "2": {
      "median_abs_epsilon": 0.16671495213719467,
      "mean_abs_epsilon": 0.3591233386857963,
      "variance_epsilon": 0.5243864117860632,
      "nr_prec": 30668,
      "CV_median": 0.06986317042172319,
      "CV_q90": 0.21633952123204386,
      "CV_q75": 0.1229867170414568,
      "CV_q95": 0.31978820449676093
    },
    "1": {
      "median_abs_epsilon": 0.16671495213719467,
      "mean_abs_epsilon": 0.35912333868579627,
      "variance_epsilon": 0.524386411786063,
      "nr_prec": 30678,
      "CV_median": 0.06986317042172319,
      "CV_q90": 0.21633952123204386,
      "CV_q75": 0.1229867170414568,
      "CV_q95": 0.31978820449676093
    }
  },
  "median_abs_epsilon": 0.16666048211815543,
  "mean_abs_epsilon": 0.3577828131728318,
  "nr_prec": 30646,
  "comments": "",
  "proteobench_version": "0.8.23",
  "color": "#E43924",
  "hover_text": "ProteoBench ID: Sage_20250624_132250<br>Software tool: Sage <br>Comment (private submission): ...",
  "scatter_size": 20,
  "fixed_mods": "{'C': 57.0215}",
  "variable_mods": "{'[': [42.0], 'M': [15.994]}",
  "max_mods": "3",
  "min_precursor_charge": "2",
  "max_precursor_charge": "4",
  "quantification_method": "Hybrid",
  "protein_inference": NaN,
  "abundance_normalization_ions": NaN,
  "submission_comments": "\n\n ### Parameter changes detected:\n- **ident_fdr_psm**: `None` \u2192 `nan`\n- **ident_fdr_peptide**: `None` \u2192 `nan`\n- **protein_inference**: `None` \u2192 `nan`\n- **quantification_method**: `None` \u2192 `Hybrid`\n- **abundance_normalization_ions**: `None` \u2192 `nan`\n- **ident_fdr_protein**: `None` \u2192 `nan`\n\nDataset URL: https://proteobench.cubimed.rub.de/datasets/fc1bf3c26e8323b1e724c1b6756b3f1a80941ab9/"
}